device_id,customer_id,device_type,manufacturer,operating_system,rooted,biometric_enabled,trusted_device
D000001,C000081,Mobile,Apple,macOS,No,Yes,No
D000002,C000329,Mobile,Apple,iOS,Yes,No,No
D000003,C000184,Desktop,Samsung,Android,No,Yes,Yes
D000004,C000474,Desktop,Apple,iOS,Yes,No,No
D000005,C000081,Desktop,Apple,iOS,No,No,No
D000006,C000945,Desktop,Dell,Windows,No,No,Yes
D000007,C000996,Desktop,Dell,Windows,No,No,Yes
D000008,C000727,Desktop,Dell,Windows,Yes,No,Yes
D000009,C000584,POS,Apple,macOS,Yes,Yes,No
D000010,C000593,Desktop,Dell,Windows,No,Yes,No
D000011,C000271,Mobile,Apple,macOS,Yes,Yes,Yes
D000012,C000608,Desktop,Samsung,Android,No,Yes,No
D000013,C000590,POS,Apple,iOS,No,Yes,Yes
D000014,C000107,Mobile,Apple,iOS,No,Yes,Yes
D000015,C000118,Desktop,Apple,iOS,Yes,No,No
D000016,C000921,POS,Dell,Windows,No,Yes,No
D000017,C000380,Desktop,Apple,macOS,No,Yes,Yes
D000018,C000251,Mobile,Samsung,Android,Yes,No,No
D000019,C000869,Desktop,Apple,macOS,No,Yes,Yes
D000020,C000581,Mobile,Apple,iOS,Yes,Yes,No
D000021,C000140,Mobile,Samsung,Android,Yes,No,No
D000022,C000886,Desktop,Apple,macOS,No,Yes,No
D000023,C000644,POS,Dell,Windows,No,Yes,No
D000024,C000945,POS,Samsung,Android,Yes,Yes,No
D000025,C000566,Desktop,Dell,Windows,Yes,No,No
D000026,C000398,Mobile,Apple,macOS,Yes,Yes,Yes
D000027,C000050,Mobile,Dell,Windows,No,Yes,Yes
D000028,C000162,POS,Apple,macOS,Yes,Yes,Yes
D000029,C000318,Desktop,Apple,iOS,No,Yes,No
D000030,C000213,POS,Apple,macOS,Yes,Yes,No
D000031,C000680,Desktop,Apple,iOS,No,No,Yes
D000032,C000566,POS,Samsung,Android,No,Yes,No
D000033,C000772,POS,Apple,macOS,Yes,Yes,Yes
D000034,C000449,Desktop,Apple,macOS,Yes,No,No
D000035,C000039,Desktop,Apple,iOS,Yes,No,Yes
D000036,C000234,POS,Apple,iOS,No,Yes,Yes
D000037,C000835,POS,Apple,iOS,No,No,No
D000038,C000186,Desktop,Dell,Windows,No,Yes,Yes
D000039,C000137,POS,Apple,iOS,Yes,Yes,Yes
D000040,C000017,Mobile,Apple,iOS,No,No,Yes
D000041,C000210,Mobile,Apple,iOS,Yes,Yes,Yes
D000042,C000260,Desktop,Apple,iOS,No,No,Yes
D000043,C000687,Desktop,Samsung,Android,No,No,Yes
D000044,C000877,Desktop,Apple,macOS,Yes,No,No
D000045,C000256,POS,Dell,Windows,Yes,Yes,No
D000046,C000216,Mobile,Dell,Windows,Yes,Yes,Yes
D000047,C000836,Desktop,Dell,Windows,Yes,Yes,Yes
D000048,C000278,POS,Apple,iOS,Yes,Yes,Yes
D000049,C000470,Mobile,Dell,Windows,Yes,Yes,No
D000050,C000981,Mobile,Apple,iOS,Yes,No,Yes
D000051,C000060,Desktop,Dell,Windows,No,No,No
D000052,C000852,Desktop,Samsung,Android,No,No,No
D000053,C000109,POS,Apple,macOS,Yes,No,Yes
D000054,C000369,POS,Apple,macOS,Yes,No,Yes
D000055,C000645,Mobile,Apple,macOS,No,Yes,Yes
D000056,C000325,POS,Apple,iOS,Yes,No,No
D000057,C000777,POS,Apple,macOS,No,No,Yes
D000058,C000498,Mobile,Apple,iOS,Yes,No,Yes
D000059,C000103,Mobile,Apple,iOS,Yes,Yes,Yes
D000060,C000544,Desktop,Samsung,Android,Yes,Yes,No
D000061,C000827,POS,Apple,macOS,Yes,Yes,No
D000062,C000884,Desktop,Samsung,Android,No,Yes,Yes
D000063,C000361,Mobile,Apple,iOS,No,No,Yes
D000064,C000753,Mobile,Dell,Windows,No,Yes,Yes
D000065,C000146,Desktop,Apple,iOS,No,No,Yes
D000066,C000571,Desktop,Apple,iOS,Yes,Yes,Yes
D000067,C000878,Desktop,Dell,Windows,Yes,Yes,Yes
D000068,C000181,Desktop,Apple,macOS,No,No,No
D000069,C000931,Mobile,Apple,iOS,Yes,Yes,Yes
D000070,C000302,Desktop,Dell,Windows,No,Yes,No
D000071,C000521,POS,Apple,macOS,No,Yes,No
D000072,C000022,Mobile,Apple,macOS,Yes,No,No
D000073,C000074,POS,Dell,Windows,No,Yes,No
D000074,C000264,POS,Apple,macOS,Yes,No,No
D000075,C000164,POS,Apple,iOS,No,No,Yes
D000076,C000190,Desktop,Dell,Windows,No,No,No
D000077,C000164,Desktop,Apple,iOS,Yes,Yes,No
D000078,C000908,Desktop,Samsung,Android,No,Yes,Yes
D000079,C000029,POS,Apple,iOS,No,Yes,Yes
D000080,C000120,Mobile,Dell,Windows,No,No,Yes
D000081,C000156,POS,Samsung,Android,No,No,No
D000082,C000447,Mobile,Apple,iOS,No,Yes,No
D000083,C000847,POS,Apple,iOS,No,Yes,Yes
D000084,C000387,Mobile,Apple,macOS,No,No,Yes
D000085,C000100,Mobile,Dell,Windows,Yes,Yes,Yes
D000086,C000045,Desktop,Samsung,Android,Yes,Yes,Yes
D000087,C000182,Mobile,Samsung,Android,Yes,Yes,Yes
D000088,C000768,Desktop,Dell,Windows,Yes,No,Yes
D000089,C000557,Desktop,Apple,macOS,No,No,No
D000090,C000107,POS,Samsung,Android,Yes,No,No
D000091,C000399,Desktop,Samsung,Android,No,Yes,Yes
D000092,C000814,Desktop,Samsung,Android,Yes,No,No
D000093,C000251,Desktop,Apple,macOS,No,No,No
D000094,C000969,Desktop,Dell,Windows,No,Yes,No
D000095,C000223,Desktop,Apple,iOS,Yes,Yes,Yes
D000096,C000829,Mobile,Apple,macOS,Yes,Yes,Yes
D000097,C000018,Desktop,Apple,iOS,Yes,Yes,No
D000098,C000627,Desktop,Apple,iOS,Yes,Yes,No
D000099,C000961,POS,Apple,macOS,Yes,Yes,No
D000100,C000158,Desktop,Apple,macOS,No,Yes,Yes
D000101,C000114,POS,Apple,iOS,Yes,Yes,Yes
D000102,C000433,Desktop,Apple,macOS,Yes,Yes,Yes
D000103,C000006,Desktop,Samsung,Android,Yes,Yes,No
D000104,C000558,Desktop,Apple,iOS,Yes,Yes,Yes
D000105,C000647,Mobile,Dell,Windows,No,Yes,No
D000106,C000908,POS,Apple,iOS,Yes,Yes,No
D000107,C000948,Desktop,Apple,iOS,Yes,Yes,Yes
D000108,C000408,POS,Apple,macOS,No,Yes,No
D000109,C000956,Mobile,Apple,macOS,Yes,Yes,Yes
D000110,C000690,Mobile,Apple,macOS,Yes,No,No
D000111,C000518,Desktop,Samsung,Android,Yes,No,Yes
D000112,C000466,Mobile,Apple,macOS,Yes,No,No
D000113,C000001,Mobile,Samsung,Android,Yes,Yes,Yes
D000114,C000922,Mobile,Apple,iOS,Yes,Yes,Yes
D000115,C000920,Mobile,Dell,Windows,No,Yes,No
D000116,C000726,POS,Dell,Windows,Yes,No,No
D000117,C000395,Mobile,Apple,macOS,Yes,No,No
D000118,C000007,POS,Apple,iOS,Yes,No,Yes
D000119,C000637,Mobile,Samsung,Android,No,No,No
D000120,C000472,POS,Samsung,Android,Yes,No,No
D000121,C000555,POS,Apple,iOS,No,No,No
D000122,C000753,POS,Apple,iOS,Yes,Yes,No
D000123,C000378,POS,Apple,macOS,No,No,Yes
D000124,C000589,Mobile,Dell,Windows,Yes,No,No
D000125,C000316,POS,Apple,iOS,Yes,No,No
D000126,C000617,Desktop,Apple,iOS,No,Yes,No
D000127,C000908,Mobile,Dell,Windows,Yes,No,No
D000128,C000147,POS,Apple,macOS,No,No,No
D000129,C000783,Desktop,Samsung,Android,No,No,Yes
D000130,C000567,POS,Samsung,Android,No,No,No
D000131,C000573,Desktop,Dell,Windows,No,No,No
D000132,C000977,POS,Samsung,Android,Yes,No,Yes
D000133,C000474,Mobile,Apple,macOS,No,No,No
D000134,C000409,POS,Apple,iOS,Yes,No,No
D000135,C000272,Desktop,Samsung,Android,No,Yes,Yes
D000136,C000897,Mobile,Apple,macOS,No,Yes,Yes
D000137,C000168,Desktop,Samsung,Android,Yes,No,Yes
D000138,C000410,Desktop,Apple,macOS,Yes,Yes,Yes
D000139,C000548,Desktop,Dell,Windows,No,Yes,Yes
D000140,C000570,POS,Samsung,Android,Yes,Yes,No
D000141,C000313,POS,Apple,macOS,Yes,No,No
D000142,C000567,Desktop,Samsung,Android,No,Yes,Yes
D000143,C000948,Desktop,Apple,iOS,No,Yes,Yes
D000144,C000218,Mobile,Samsung,Android,No,No,No
D000145,C000607,POS,Samsung,Android,No,Yes,Yes
D000146,C000397,Desktop,Dell,Windows,Yes,No,Yes
D000147,C000555,POS,Apple,macOS,No,No,No
D000148,C000515,Desktop,Samsung,Android,Yes,Yes,No
D000149,C000425,POS,Apple,iOS,Yes,Yes,Yes
D000150,C000438,Desktop,Apple,iOS,Yes,Yes,Yes
D000151,C000941,Desktop,Dell,Windows,No,No,Yes
D000152,C000403,Desktop,Samsung,Android,No,No,No
D000153,C000839,Desktop,Apple,macOS,Yes,No,Yes
D000154,C000146,Mobile,Apple,macOS,Yes,No,No
D000155,C000894,Desktop,Apple,macOS,Yes,No,No
D000156,C000189,Mobile,Apple,iOS,Yes,Yes,No
D000157,C000221,POS,Apple,iOS,No,No,Yes
D000158,C000511,Desktop,Dell,Windows,No,No,No
D000159,C000702,Desktop,Dell,Windows,No,Yes,No
D000160,C000175,Mobile,Dell,Windows,Yes,Yes,No
D000161,C000501,Mobile,Samsung,Android,Yes,No,No
D000162,C000224,Mobile,Dell,Windows,Yes,Yes,Yes
D000163,C000404,Mobile,Apple,iOS,Yes,Yes,Yes
D000164,C000243,POS,Apple,macOS,Yes,No,No
D000165,C000436,Desktop,Apple,iOS,Yes,No,No
D000166,C000568,Desktop,Dell,Windows,Yes,Yes,No
D000167,C000698,Desktop,Apple,iOS,Yes,No,Yes
D000168,C000119,POS,Apple,macOS,No,No,No
D000169,C000460,Mobile,Samsung,Android,Yes,No,Yes
D000170,C000372,Desktop,Samsung,Android,Yes,No,No
D000171,C000315,Desktop,Apple,macOS,No,Yes,No
D000172,C000366,Mobile,Apple,iOS,No,No,No
D000173,C000854,Desktop,Samsung,Android,Yes,No,No
D000174,C000205,Desktop,Apple,macOS,No,Yes,Yes
D000175,C000237,Desktop,Dell,Windows,Yes,Yes,Yes
D000176,C000543,Mobile,Samsung,Android,No,Yes,Yes
D000177,C000246,POS,Apple,iOS,Yes,No,Yes
D000178,C000519,POS,Apple,macOS,Yes,Yes,No
D000179,C000492,POS,Apple,iOS,No,Yes,Yes
D000180,C000848,POS,Dell,Windows,No,Yes,No
D000181,C000321,Mobile,Samsung,Android,Yes,No,No
D000182,C000335,POS,Apple,macOS,Yes,No,Yes
D000183,C000832,POS,Apple,macOS,Yes,Yes,Yes
D000184,C000436,POS,Dell,Windows,No,Yes,No
D000185,C000891,Desktop,Dell,Windows,No,Yes,No
D000186,C000761,Desktop,Apple,macOS,Yes,No,Yes
D000187,C000230,Mobile,Dell,Windows,No,Yes,No
D000188,C000645,Desktop,Apple,macOS,No,No,Yes
D000189,C000707,Mobile,Samsung,Android,Yes,Yes,No
D000190,C000234,POS,Apple,macOS,Yes,Yes,No
D000191,C000098,POS,Apple,iOS,Yes,No,No
D000192,C000175,POS,Dell,Windows,No,No,No
D000193,C000635,POS,Dell,Windows,No,No,No
D000194,C000575,Desktop,Apple,iOS,No,No,No
D000195,C000969,POS,Apple,iOS,Yes,Yes,Yes
D000196,C000074,Desktop,Apple,iOS,No,Yes,Yes
D000197,C000542,POS,Dell,Windows,Yes,No,Yes
D000198,C000015,Desktop,Apple,macOS,No,No,No
D000199,C000809,Desktop,Samsung,Android,Yes,No,No
D000200,C000536,Desktop,Apple,iOS,Yes,Yes,Yes
D000201,C000654,Mobile,Apple,iOS,Yes,No,No
D000202,C000794,Mobile,Samsung,Android,Yes,No,Yes
D000203,C000968,Desktop,Dell,Windows,Yes,Yes,Yes
D000204,C000456,Desktop,Samsung,Android,Yes,No,No
D000205,C000574,Desktop,Apple,iOS,No,Yes,Yes
D000206,C000092,POS,Dell,Windows,No,Yes,No
D000207,C000788,POS,Samsung,Android,No,Yes,Yes
D000208,C000021,POS,Apple,macOS,Yes,Yes,Yes
D000209,C000011,Mobile,Samsung,Android,Yes,No,No
D000210,C000662,Desktop,Apple,iOS,No,Yes,Yes
D000211,C000044,POS,Apple,macOS,Yes,No,Yes
D000212,C000044,Desktop,Samsung,Android,No,Yes,Yes
D000213,C000218,POS,Dell,Windows,No,Yes,No
D000214,C000928,Desktop,Samsung,Android,No,Yes,No
D000215,C000144,Desktop,Apple,macOS,Yes,Yes,No
D000216,C000582,Mobile,Apple,macOS,Yes,No,Yes
D000217,C000722,Mobile,Samsung,Android,No,No,No
D000218,C000376,POS,Samsung,Android,No,No,Yes
D000219,C000667,Desktop,Samsung,Android,No,No,Yes
D000220,C000582,Mobile,Apple,macOS,No,No,Yes
D000221,C000389,Desktop,Samsung,Android,Yes,No,Yes
D000222,C000859,POS,Apple,iOS,Yes,No,No
D000223,C000468,Mobile,Apple,iOS,Yes,No,No
D000224,C000005,Desktop,Apple,macOS,Yes,No,Yes
D000225,C000387,Desktop,Samsung,Android,No,Yes,No
D000226,C000036,Mobile,Samsung,Android,No,No,Yes
D000227,C000549,POS,Dell,Windows,No,No,No
D000228,C000999,Desktop,Samsung,Android,Yes,Yes,Yes
D000229,C000139,Desktop,Samsung,Android,Yes,Yes,No
D000230,C000499,Desktop,Apple,iOS,Yes,No,Yes
D000231,C000270,POS,Samsung,Android,No,No,No
D000232,C000542,POS,Samsung,Android,Yes,No,Yes
D000233,C000590,Desktop,Samsung,Android,Yes,No,No
D000234,C000267,POS,Apple,macOS,Yes,Yes,Yes
D000235,C000962,POS,Dell,Windows,No,No,No
D000236,C000115,POS,Dell,Windows,Yes,No,No
D000237,C000867,Desktop,Apple,iOS,Yes,No,No
D000238,C000022,POS,Apple,iOS,No,Yes,Yes
D000239,C000860,Desktop,Apple,macOS,Yes,Yes,No
D000240,C000605,POS,Apple,iOS,Yes,No,Yes
D000241,C000454,POS,Apple,macOS,No,Yes,Yes
D000242,C000415,Desktop,Apple,iOS,No,No,Yes
D000243,C000097,Mobile,Dell,Windows,Yes,Yes,Yes
D000244,C000198,POS,Dell,Windows,No,Yes,Yes
D000245,C000406,Mobile,Apple,iOS,No,No,Yes
D000246,C000947,Desktop,Samsung,Android,Yes,Yes,Yes
D000247,C000626,Mobile,Samsung,Android,No,No,No
D000248,C000008,Desktop,Apple,iOS,No,Yes,Yes
D000249,C000725,POS,Samsung,Android,No,No,Yes
D000250,C000164,Desktop,Apple,iOS,No,Yes,Yes
D000251,C000637,Desktop,Samsung,Android,No,Yes,Yes
D000252,C000769,Desktop,Apple,iOS,No,Yes,No
D000253,C000763,Desktop,Apple,iOS,No,No,Yes
D000254,C000182,Desktop,Apple,iOS,Yes,No,No
D000255,C000190,Desktop,Apple,iOS,Yes,No,Yes
D000256,C000430,Mobile,Apple,iOS,Yes,Yes,Yes
D000257,C000313,Desktop,Apple,iOS,No,Yes,No
D000258,C000052,Desktop,Apple,iOS,Yes,Yes,No
D000259,C000712,POS,Apple,macOS,Yes,Yes,Yes
D000260,C000033,POS,Samsung,Android,No,Yes,No
D000261,C000739,Mobile,Apple,macOS,Yes,No,Yes
D000262,C000982,POS,Apple,macOS,Yes,Yes,No
D000263,C000488,POS,Apple,macOS,No,Yes,Yes
D000264,C000507,Mobile,Samsung,Android,Yes,No,Yes
D000265,C000818,Desktop,Samsung,Android,Yes,No,Yes
D000266,C000771,Mobile,Apple,iOS,No,Yes,Yes
D000267,C000112,Mobile,Samsung,Android,No,Yes,No
D000268,C000671,Desktop,Samsung,Android,No,Yes,Yes
D000269,C000026,Desktop,Samsung,Android,No,No,No
D000270,C000508,Mobile,Samsung,Android,Yes,Yes,No
D000271,C000466,Desktop,Samsung,Android,No,Yes,No
D000272,C000149,Mobile,Samsung,Android,No,No,Yes
D000273,C000370,Mobile,Apple,iOS,Yes,No,Yes
D000274,C000351,Mobile,Apple,iOS,Yes,No,Yes
D000275,C000978,POS,Apple,iOS,Yes,No,No
D000276,C000817,Desktop,Apple,macOS,Yes,No,Yes
D000277,C000691,Mobile,Apple,iOS,No,No,No
D000278,C000231,Mobile,Samsung,Android,No,No,Yes
D000279,C000618,Desktop,Apple,macOS,Yes,Yes,No
D000280,C000848,POS,Dell,Windows,No,No,Yes
D000281,C000038,Mobile,Apple,macOS,Yes,Yes,Yes
D000282,C000979,POS,Dell,Windows,Yes,Yes,No
D000283,C000776,POS,Apple,macOS,No,No,No
D000284,C000570,Desktop,Apple,macOS,No,Yes,Yes
D000285,C000389,Mobile,Apple,macOS,Yes,No,No
D000286,C000266,Mobile,Apple,macOS,Yes,No,Yes
D000287,C000586,Mobile,Samsung,Android,No,No,Yes
D000288,C000448,Desktop,Samsung,Android,Yes,Yes,No
D000289,C000403,POS,Apple,iOS,Yes,Yes,No
D000290,C000286,POS,Apple,iOS,No,No,No
D000291,C000968,Mobile,Apple,macOS,Yes,Yes,Yes
D000292,C000327,Desktop,Apple,macOS,No,Yes,Yes
D000293,C000173,Mobile,Samsung,Android,Yes,Yes,No
D000294,C000888,Mobile,Apple,iOS,No,No,Yes
D000295,C000780,Mobile,Apple,iOS,Yes,Yes,Yes
D000296,C000562,POS,Samsung,Android,No,Yes,No
D000297,C000465,Mobile,Apple,macOS,Yes,Yes,Yes
D000298,C000125,Desktop,Samsung,Android,Yes,No,Yes
D000299,C000594,Mobile,Samsung,Android,No,Yes,Yes
D000300,C000702,Desktop,Apple,iOS,Yes,No,No
D000301,C000398,Mobile,Samsung,Android,No,No,Yes
D000302,C000492,Desktop,Apple,macOS,No,Yes,Yes
D000303,C000024,POS,Samsung,Android,No,Yes,Yes
D000304,C000122,Mobile,Apple,macOS,Yes,No,Yes
D000305,C000536,Mobile,Samsung,Android,No,Yes,No
D000306,C000338,POS,Dell,Windows,Yes,No,Yes
D000307,C000194,POS,Samsung,Android,No,Yes,Yes
D000308,C000209,Desktop,Dell,Windows,Yes,No,No
D000309,C000031,Desktop,Apple,macOS,No,No,No
D000310,C000596,POS,Dell,Windows,No,No,No
D000311,C000152,POS,Apple,macOS,Yes,Yes,Yes
D000312,C000274,POS,Apple,iOS,Yes,Yes,Yes
D000313,C000943,Mobile,Apple,iOS,Yes,No,No
D000314,C000153,Desktop,Samsung,Android,Yes,Yes,No
D000315,C000509,Desktop,Samsung,Android,No,Yes,No
D000316,C000809,Desktop,Apple,iOS,Yes,No,No
D000317,C000974,Mobile,Apple,iOS,No,No,Yes
D000318,C000302,Mobile,Samsung,Android,Yes,Yes,Yes
D000319,C000110,POS,Dell,Windows,Yes,No,Yes
D000320,C000806,POS,Apple,iOS,No,No,Yes
D000321,C000682,Desktop,Dell,Windows,Yes,Yes,Yes
D000322,C000617,Mobile,Apple,macOS,Yes,Yes,No
D000323,C000419,Mobile,Apple,macOS,Yes,Yes,Yes
D000324,C000535,Mobile,Apple,iOS,No,Yes,Yes
D000325,C000741,POS,Samsung,Android,Yes,Yes,Yes
D000326,C000071,Desktop,Apple,macOS,Yes,Yes,Yes
D000327,C000970,POS,Dell,Windows,No,Yes,No
D000328,C000446,Desktop,Apple,macOS,Yes,No,No
D000329,C000743,Mobile,Apple,macOS,No,Yes,Yes
D000330,C000430,Mobile,Apple,macOS,No,No,Yes
D000331,C000637,Mobile,Samsung,Android,No,Yes,Yes
D000332,C000512,POS,Dell,Windows,Yes,No,No
D000333,C000266,Mobile,Apple,iOS,No,No,Yes
D000334,C000420,POS,Apple,macOS,Yes,Yes,No
D000335,C000768,POS,Samsung,Android,Yes,No,Yes
D000336,C000464,Mobile,Apple,macOS,No,No,No
D000337,C000955,POS,Dell,Windows,No,Yes,Yes
D000338,C000079,POS,Dell,Windows,No,No,No
D000339,C000810,POS,Dell,Windows,No,No,No
D000340,C000679,Mobile,Samsung,Android,Yes,Yes,No
D000341,C000038,Desktop,Samsung,Android,Yes,No,No
D000342,C000997,Mobile,Dell,Windows,Yes,Yes,No
D000343,C000832,Mobile,Dell,Windows,No,Yes,No
D000344,C000900,POS,Apple,macOS,No,Yes,Yes
D000345,C000089,Desktop,Apple,iOS,No,No,No
D000346,C000366,Desktop,Apple,iOS,Yes,Yes,No
D000347,C000821,Desktop,Dell,Windows,Yes,Yes,Yes
D000348,C000793,Mobile,Apple,macOS,Yes,Yes,No
D000349,C000003,POS,Apple,iOS,No,Yes,No
D000350,C000346,POS,Apple,iOS,No,Yes,Yes
D000351,C000601,Desktop,Dell,Windows,Yes,No,No
D000352,C000887,Mobile,Dell,Windows,No,Yes,Yes
D000353,C000187,Mobile,Samsung,Android,Yes,No,No
D000354,C000673,POS,Apple,iOS,No,Yes,Yes
D000355,C000884,Mobile,Apple,iOS,Yes,No,Yes
D000356,C000626,POS,Dell,Windows,No,Yes,Yes
D000357,C000146,Mobile,Apple,macOS,No,Yes,Yes
D000358,C000168,Mobile,Apple,iOS,Yes,Yes,No
D000359,C000083,Mobile,Samsung,Android,No,Yes,Yes
D000360,C000305,Desktop,Apple,iOS,Yes,Yes,Yes
D000361,C000766,Mobile,Apple,macOS,No,No,Yes
D000362,C000906,POS,Samsung,Android,No,Yes,No
D000363,C000740,POS,Samsung,Android,No,Yes,No
D000364,C000842,POS,Apple,macOS,No,No,Yes
D000365,C000079,Mobile,Samsung,Android,No,No,Yes
D000366,C000543,Mobile,Dell,Windows,Yes,Yes,No
D000367,C000572,POS,Apple,iOS,No,Yes,No
D000368,C000799,Desktop,Apple,iOS,Yes,Yes,No
D000369,C000969,Desktop,Samsung,Android,Yes,No,Yes
D000370,C000798,POS,Samsung,Android,No,Yes,Yes
D000371,C000694,POS,Apple,iOS,No,No,No
D000372,C000794,Mobile,Apple,macOS,Yes,No,No
D000373,C000042,Desktop,Apple,iOS,No,Yes,Yes
D000374,C000818,Desktop,Apple,iOS,Yes,No,No
D000375,C000888,POS,Apple,macOS,Yes,Yes,Yes
D000376,C000686,Desktop,Dell,Windows,Yes,Yes,Yes
D000377,C000988,Mobile,Apple,macOS,Yes,Yes,No
D000378,C000809,Desktop,Samsung,Android,No,No,No
D000379,C000408,POS,Dell,Windows,No,Yes,No
D000380,C000699,POS,Apple,macOS,No,Yes,No
D000381,C000252,POS,Samsung,Android,No,Yes,Yes
D000382,C000057,POS,Dell,Windows,Yes,No,No
D000383,C000398,Mobile,Apple,iOS,Yes,No,Yes
D000384,C000203,Desktop,Apple,iOS,Yes,No,Yes
D000385,C000869,Mobile,Dell,Windows,Yes,Yes,Yes
D000386,C000555,Desktop,Dell,Windows,Yes,Yes,Yes
D000387,C000309,Mobile,Samsung,Android,No,Yes,Yes
D000388,C000879,Mobile,Dell,Windows,Yes,Yes,Yes
D000389,C000934,Mobile,Dell,Windows,No,No,No
D000390,C000716,Desktop,Apple,macOS,No,Yes,Yes
D000391,C000239,Desktop,Dell,Windows,Yes,Yes,Yes
D000392,C000018,Mobile,Dell,Windows,No,No,No
D000393,C000788,Mobile,Dell,Windows,No,No,Yes
D000394,C000484,Mobile,Dell,Windows,No,No,Yes
D000395,C000560,Mobile,Apple,iOS,No,No,No
D000396,C000138,Mobile,Samsung,Android,No,No,Yes
D000397,C000371,Desktop,Dell,Windows,Yes,No,Yes
D000398,C000165,Mobile,Apple,macOS,No,Yes,Yes
D000399,C000806,Desktop,Dell,Windows,No,No,No
D000400,C000792,Desktop,Apple,macOS,No,Yes,Yes
D000401,C000067,Desktop,Dell,Windows,Yes,Yes,No
D000402,C000063,POS,Apple,iOS,No,Yes,No
D000403,C000825,Desktop,Apple,macOS,No,Yes,No
D000404,C000222,Mobile,Samsung,Android,No,No,No
D000405,C000543,Mobile,Apple,iOS,Yes,No,No
D000406,C000861,Desktop,Samsung,Android,No,No,Yes
D000407,C000052,Mobile,Apple,macOS,Yes,No,No
D000408,C000702,POS,Apple,macOS,No,Yes,No
D000409,C000569,POS,Apple,iOS,No,Yes,No
D000410,C000439,Desktop,Apple,macOS,Yes,Yes,No
D000411,C000700,Mobile,Apple,macOS,Yes,No,Yes
D000412,C000966,Desktop,Apple,iOS,Yes,No,No
D000413,C000709,Mobile,Apple,macOS,No,Yes,Yes
D000414,C000740,POS,Apple,macOS,No,Yes,No
D000415,C000817,Desktop,Samsung,Android,No,Yes,Yes
D000416,C000711,Desktop,Samsung,Android,No,Yes,No
D000417,C000356,Mobile,Samsung,Android,Yes,No,Yes
D000418,C000761,Mobile,Apple,macOS,No,No,No
D000419,C000796,Mobile,Dell,Windows,No,Yes,No
D000420,C000462,Mobile,Apple,macOS,No,No,No
D000421,C000353,Desktop,Dell,Windows,Yes,No,Yes
D000422,C000248,POS,Samsung,Android,No,Yes,Yes
D000423,C000216,Desktop,Apple,macOS,Yes,No,Yes
D000424,C000062,POS,Apple,iOS,Yes,Yes,Yes
D000425,C000106,Mobile,Apple,macOS,Yes,No,No
D000426,C000437,POS,Apple,macOS,Yes,No,Yes
D000427,C000169,Mobile,Apple,macOS,No,Yes,No
D000428,C000296,Desktop,Samsung,Android,No,Yes,Yes
D000429,C000180,Mobile,Dell,Windows,No,Yes,Yes
D000430,C000192,Mobile,Apple,iOS,Yes,No,Yes
D000431,C000912,Desktop,Samsung,Android,Yes,No,No
D000432,C000849,Mobile,Apple,macOS,Yes,No,Yes
D000433,C000462,Desktop,Samsung,Android,Yes,Yes,Yes
D000434,C000947,Mobile,Apple,macOS,No,Yes,No
D000435,C000964,Mobile,Samsung,Android,No,Yes,Yes
D000436,C000424,Desktop,Apple,iOS,Yes,No,No
D000437,C000592,Mobile,Apple,macOS,Yes,No,Yes
D000438,C000802,Desktop,Dell,Windows,No,Yes,Yes
D000439,C000981,POS,Apple,iOS,Yes,No,No
D000440,C000063,Mobile,Dell,Windows,No,No,Yes
D000441,C000756,POS,Apple,iOS,Yes,Yes,No
D000442,C000777,Desktop,Apple,iOS,Yes,Yes,Yes
D000443,C000842,Desktop,Samsung,Android,Yes,No,Yes
D000444,C000999,POS,Dell,Windows,No,Yes,Yes
D000445,C000736,Desktop,Apple,macOS,No,No,No
D000446,C000465,Mobile,Apple,iOS,No,No,Yes
D000447,C000272,POS,Apple,macOS,No,Yes,No
D000448,C000518,POS,Samsung,Android,No,No,Yes
D000449,C000767,Desktop,Apple,macOS,No,No,Yes
D000450,C000046,POS,Apple,iOS,Yes,Yes,Yes
D000451,C000170,Mobile,Samsung,Android,Yes,No,No
D000452,C000635,Mobile,Apple,iOS,No,No,Yes
D000453,C000178,Mobile,Apple,iOS,No,Yes,Yes
D000454,C000178,Mobile,Apple,iOS,Yes,Yes,No
D000455,C000042,Mobile,Samsung,Android,No,No,No
D000456,C000117,POS,Samsung,Android,Yes,No,No
D000457,C000816,POS,Dell,Windows,Yes,Yes,No
D000458,C000712,Mobile,Dell,Windows,Yes,Yes,Yes
D000459,C000302,Mobile,Apple,iOS,No,Yes,No
D000460,C000008,POS,Apple,iOS,Yes,No,Yes
D000461,C000130,Desktop,Samsung,Android,No,Yes,Yes
D000462,C000455,Desktop,Samsung,Android,No,No,Yes
D000463,C000121,Mobile,Samsung,Android,Yes,No,No
D000464,C000078,Desktop,Apple,iOS,No,No,No
D000465,C000164,Mobile,Dell,Windows,Yes,No,Yes
D000466,C000657,Mobile,Dell,Windows,Yes,No,No
D000467,C000601,Mobile,Samsung,Android,Yes,No,No
D000468,C000720,Mobile,Samsung,Android,Yes,No,No
D000469,C000740,Desktop,Apple,iOS,Yes,No,No
D000470,C000327,Mobile,Apple,macOS,No,No,No
D000471,C000919,Mobile,Samsung,Android,Yes,No,Yes
D000472,C000829,Mobile,Apple,macOS,Yes,Yes,Yes
D000473,C000323,Mobile,Dell,Windows,No,Yes,Yes
D000474,C000723,Mobile,Apple,iOS,Yes,No,Yes
D000475,C000364,Mobile,Dell,Windows,No,Yes,No
D000476,C000738,Mobile,Apple,iOS,Yes,Yes,No
D000477,C000683,Mobile,Apple,iOS,No,No,No
D000478,C000268,Desktop,Apple,iOS,Yes,No,No
D000479,C000158,Mobile,Apple,iOS,Yes,No,No
D000480,C000605,Mobile,Samsung,Android,Yes,No,No
D000481,C000043,Desktop,Apple,macOS,No,No,Yes
D000482,C000902,Mobile,Apple,iOS,Yes,No,No
D000483,C000367,POS,Samsung,Android,Yes,Yes,No
D000484,C000734,POS,Apple,macOS,No,No,No
D000485,C000905,POS,Samsung,Android,No,No,Yes
D000486,C000997,Desktop,Apple,iOS,No,No,Yes
D000487,C000808,Mobile,Apple,macOS,Yes,No,No
D000488,C000129,POS,Apple,macOS,Yes,No,No
D000489,C000883,POS,Apple,iOS,No,No,Yes
D000490,C000173,POS,Apple,macOS,Yes,Yes,Yes
D000491,C000009,Mobile,Dell,Windows,Yes,No,No
D000492,C000776,Desktop,Apple,iOS,No,Yes,No
D000493,C000604,Desktop,Apple,iOS,Yes,Yes,Yes
D000494,C000812,Mobile,Apple,iOS,Yes,No,Yes
D000495,C000584,POS,Dell,Windows,Yes,Yes,Yes
D000496,C000404,Mobile,Apple,macOS,No,Yes,Yes
D000497,C000409,Mobile,Apple,macOS,No,No,Yes
D000498,C000441,Mobile,Dell,Windows,Yes,Yes,No
D000499,C000663,Mobile,Dell,Windows,Yes,Yes,Yes
D000500,C000756,Mobile,Samsung,Android,Yes,Yes,No
D000501,C000552,POS,Apple,iOS,Yes,Yes,Yes
D000502,C000857,Desktop,Dell,Windows,Yes,Yes,Yes
D000503,C000873,Mobile,Apple,macOS,Yes,No,Yes
D000504,C000473,Desktop,Apple,iOS,Yes,No,No
D000505,C000410,Mobile,Dell,Windows,No,Yes,No
D000506,C000892,Mobile,Apple,macOS,No,No,Yes
D000507,C000011,Mobile,Dell,Windows,No,Yes,No
D000508,C000205,Desktop,Apple,iOS,No,Yes,No
D000509,C000675,Mobile,Apple,macOS,Yes,Yes,Yes
D000510,C000806,Desktop,Apple,iOS,Yes,Yes,No
D000511,C000730,Mobile,Dell,Windows,No,No,Yes
D000512,C000733,Mobile,Apple,iOS,No,No,No
D000513,C000120,POS,Dell,Windows,Yes,No,Yes
D000514,C000482,POS,Apple,macOS,No,No,No
D000515,C000916,Mobile,Apple,macOS,No,Yes,No
D000516,C000185,POS,Dell,Windows,Yes,No,No
D000517,C000485,Desktop,Samsung,Android,No,Yes,No
D000518,C000089,Desktop,Samsung,Android,Yes,Yes,No
D000519,C000043,Mobile,Apple,iOS,No,Yes,No
D000520,C000274,Desktop,Dell,Windows,Yes,No,Yes
D000521,C000276,Desktop,Apple,iOS,No,No,Yes
D000522,C000587,Desktop,Apple,macOS,No,Yes,Yes
D000523,C000896,Desktop,Dell,Windows,No,Yes,No
D000524,C000429,POS,Apple,iOS,Yes,No,No
D000525,C000203,POS,Apple,iOS,No,No,Yes
D000526,C000981,Mobile,Samsung,Android,No,Yes,No
D000527,C000494,POS,Dell,Windows,No,Yes,Yes
D000528,C000744,Desktop,Apple,macOS,Yes,No,Yes
D000529,C000596,Mobile,Samsung,Android,No,Yes,No
D000530,C000052,Desktop,Apple,macOS,No,No,Yes
D000531,C000228,Desktop,Dell,Windows,No,No,Yes
D000532,C000053,Desktop,Apple,macOS,No,Yes,No
D000533,C000900,Desktop,Dell,Windows,No,No,No
D000534,C000696,Desktop,Apple,iOS,Yes,No,Yes
D000535,C000675,Desktop,Dell,Windows,Yes,No,Yes
D000536,C000153,Desktop,Samsung,Android,No,Yes,Yes
D000537,C000796,POS,Samsung,Android,No,No,Yes
D000538,C000666,POS,Apple,macOS,No,Yes,No
D000539,C000373,Desktop,Apple,iOS,No,Yes,No
D000540,C000234,POS,Samsung,Android,Yes,No,No
D000541,C000607,POS,Apple,macOS,Yes,Yes,Yes
D000542,C000495,POS,Apple,macOS,No,Yes,Yes
D000543,C000483,POS,Apple,macOS,Yes,Yes,Yes
D000544,C000431,Desktop,Apple,iOS,No,No,Yes
D000545,C000790,POS,Samsung,Android,No,No,No
D000546,C000515,Desktop,Apple,iOS,Yes,No,No
D000547,C000587,Desktop,Apple,iOS,Yes,No,Yes
D000548,C000410,Mobile,Apple,macOS,No,No,Yes
D000549,C000585,Mobile,Dell,Windows,Yes,Yes,No
D000550,C000269,POS,Samsung,Android,No,Yes,No
D000551,C000031,Desktop,Apple,macOS,No,Yes,Yes
D000552,C000781,Mobile,Samsung,Android,No,Yes,Yes
D000553,C000197,POS,Apple,macOS,Yes,Yes,Yes
D000554,C000123,POS,Apple,macOS,Yes,No,No
D000555,C000792,Mobile,Apple,iOS,No,Yes,No
D000556,C000547,Desktop,Samsung,Android,No,No,Yes
D000557,C000602,Desktop,Apple,macOS,Yes,Yes,Yes
D000558,C000996,Mobile,Apple,iOS,Yes,No,No
D000559,C000116,Desktop,Samsung,Android,No,No,No
D000560,C000390,POS,Samsung,Android,Yes,Yes,No
D000561,C000195,Mobile,Apple,macOS,No,No,Yes
D000562,C000238,POS,Dell,Windows,No,Yes,Yes
D000563,C000802,POS,Apple,iOS,Yes,No,Yes
D000564,C000483,POS,Apple,macOS,Yes,No,No
D000565,C000680,Mobile,Dell,Windows,Yes,No,Yes
D000566,C000389,POS,Samsung,Android,No,Yes,Yes
D000567,C000002,Mobile,Dell,Windows,No,Yes,Yes
D000568,C000056,POS,Apple,macOS,Yes,No,No
D000569,C000457,Mobile,Samsung,Android,Yes,Yes,Yes
D000570,C000466,Mobile,Samsung,Android,No,Yes,Yes
D000571,C000564,Mobile,Apple,macOS,No,No,No
D000572,C000677,Mobile,Samsung,Android,No,Yes,No
D000573,C000657,POS,Apple,iOS,No,No,Yes
D000574,C000430,POS,Samsung,Android,Yes,No,Yes
D000575,C000880,Mobile,Apple,macOS,Yes,No,No
D000576,C000136,Mobile,Apple,macOS,Yes,Yes,Yes
D000577,C000640,Mobile,Apple,iOS,No,Yes,Yes
D000578,C000200,POS,Apple,macOS,No,No,No
D000579,C000334,POS,Apple,iOS,No,Yes,No
D000580,C000535,POS,Dell,Windows,No,Yes,Yes
D000581,C000012,POS,Apple,iOS,No,Yes,No
D000582,C000674,Desktop,Apple,iOS,Yes,No,Yes
D000583,C000962,Mobile,Samsung,Android,Yes,No,No
D000584,C000010,Mobile,Apple,iOS,No,No,No
D000585,C000256,POS,Samsung,Android,No,No,Yes
D000586,C000941,Desktop,Apple,iOS,Yes,No,No
D000587,C000865,POS,Apple,iOS,No,Yes,No
D000588,C000228,POS,Dell,Windows,No,No,Yes
D000589,C000809,Desktop,Apple,macOS,No,Yes,Yes
D000590,C000847,POS,Apple,macOS,No,Yes,Yes
D000591,C000896,POS,Dell,Windows,No,No,Yes
D000592,C000284,POS,Dell,Windows,No,No,Yes
D000593,C000984,Mobile,Apple,iOS,Yes,No,Yes
D000594,C000413,Desktop,Apple,macOS,No,No,Yes
D000595,C000382,POS,Apple,iOS,No,No,Yes
D000596,C000767,Mobile,Apple,iOS,No,Yes,No
D000597,C000170,Desktop,Apple,iOS,Yes,Yes,No
D000598,C000408,Mobile,Apple,macOS,No,No,Yes
D000599,C000914,Desktop,Apple,iOS,No,Yes,Yes
D000600,C000329,POS,Apple,iOS,No,No,No
D000601,C000462,POS,Apple,macOS,Yes,No,No
D000602,C000309,Mobile,Samsung,Android,Yes,No,Yes
D000603,C000536,Desktop,Samsung,Android,Yes,Yes,No
D000604,C000618,POS,Apple,iOS,Yes,Yes,Yes
D000605,C000413,Mobile,Apple,iOS,Yes,Yes,Yes
D000606,C000305,Mobile,Dell,Windows,No,No,Yes
D000607,C000980,Desktop,Samsung,Android,Yes,Yes,No
D000608,C000223,Desktop,Samsung,Android,Yes,Yes,Yes
D000609,C000330,Mobile,Apple,macOS,No,Yes,Yes
D000610,C000660,Desktop,Apple,macOS,No,No,Yes
D000611,C000304,Mobile,Apple,iOS,No,Yes,Yes
D000612,C000240,Desktop,Apple,iOS,Yes,Yes,No
D000613,C000439,POS,Apple,macOS,Yes,No,No
D000614,C000938,POS,Apple,iOS,Yes,No,No
D000615,C000901,Mobile,Apple,iOS,Yes,No,No
D000616,C000644,Mobile,Apple,iOS,No,No,No
D000617,C000959,POS,Samsung,Android,No,No,No
D000618,C000776,POS,Apple,iOS,No,Yes,No
D000619,C000815,Desktop,Apple,iOS,No,No,Yes
D000620,C000326,Mobile,Apple,iOS,Yes,Yes,No
D000621,C000871,Desktop,Dell,Windows,Yes,Yes,Yes
D000622,C000502,Desktop,Apple,macOS,Yes,Yes,Yes
D000623,C000994,Desktop,Apple,macOS,Yes,Yes,No
D000624,C000776,POS,Samsung,Android,Yes,Yes,Yes
D000625,C000854,POS,Dell,Windows,Yes,Yes,No
D000626,C000216,Desktop,Apple,iOS,Yes,Yes,No
D000627,C000830,Desktop,Apple,iOS,No,No,No
D000628,C000564,POS,Dell,Windows,Yes,No,No
D000629,C000027,Desktop,Apple,macOS,No,Yes,Yes
D000630,C000068,Mobile,Dell,Windows,No,No,No
D000631,C000797,POS,Samsung,Android,Yes,No,Yes
D000632,C000092,Desktop,Dell,Windows,Yes,Yes,No
D000633,C000275,Desktop,Samsung,Android,No,Yes,No
D000634,C000620,Mobile,Samsung,Android,No,Yes,No
D000635,C000558,POS,Dell,Windows,Yes,Yes,No
D000636,C000267,Desktop,Apple,macOS,No,No,Yes
D000637,C000944,Desktop,Samsung,Android,Yes,No,No
D000638,C000052,Desktop,Samsung,Android,Yes,Yes,Yes
D000639,C000327,Desktop,Dell,Windows,Yes,No,Yes
D000640,C000619,POS,Apple,iOS,Yes,Yes,Yes
D000641,C000698,Mobile,Samsung,Android,No,No,Yes
D000642,C000245,POS,Samsung,Android,No,No,No
D000643,C000676,Desktop,Samsung,Android,Yes,Yes,No
D000644,C000162,POS,Dell,Windows,No,Yes,No
D000645,C000709,Desktop,Dell,Windows,Yes,Yes,Yes
D000646,C000739,Desktop,Dell,Windows,Yes,Yes,Yes
D000647,C000620,Desktop,Apple,iOS,No,No,Yes
D000648,C000781,Desktop,Samsung,Android,No,Yes,No
D000649,C000611,Mobile,Samsung,Android,Yes,Yes,Yes
D000650,C000887,Mobile,Dell,Windows,Yes,Yes,Yes
D000651,C000831,Desktop,Apple,iOS,No,Yes,Yes
D000652,C000551,Desktop,Dell,Windows,No,Yes,No
D000653,C000820,Desktop,Apple,iOS,Yes,Yes,Yes
D000654,C000609,POS,Samsung,Android,No,Yes,No
D000655,C000818,POS,Apple,macOS,Yes,Yes,Yes
D000656,C000232,POS,Dell,Windows,No,Yes,No
D000657,C000975,Desktop,Apple,macOS,No,No,No
D000658,C000744,POS,Apple,macOS,Yes,Yes,Yes
D000659,C000455,Mobile,Samsung,Android,No,No,Yes
D000660,C000747,Mobile,Dell,Windows,No,No,No
D000661,C000418,Mobile,Apple,macOS,No,Yes,Yes
D000662,C000720,POS,Dell,Windows,No,Yes,No
D000663,C001000,Mobile,Apple,iOS,Yes,No,Yes
D000664,C000017,Mobile,Dell,Windows,No,No,No
D000665,C000222,Desktop,Samsung,Android,No,Yes,No
D000666,C000403,Mobile,Samsung,Android,Yes,No,No
D000667,C000445,Mobile,Apple,iOS,No,Yes,Yes
D000668,C000663,POS,Samsung,Android,No,No,Yes
D000669,C000012,Mobile,Samsung,Android,Yes,Yes,Yes
D000670,C000825,POS,Samsung,Android,Yes,Yes,Yes
D000671,C000139,Mobile,Dell,Windows,No,No,Yes
D000672,C000786,Desktop,Apple,iOS,No,No,No
D000673,C000879,Mobile,Apple,iOS,Yes,No,Yes
D000674,C000639,POS,Samsung,Android,No,Yes,Yes
D000675,C000358,Desktop,Apple,macOS,No,No,No
D000676,C000646,POS,Dell,Windows,Yes,Yes,No
D000677,C000766,POS,Dell,Windows,No,No,No
D000678,C000527,Mobile,Apple,iOS,Yes,Yes,Yes
D000679,C000357,POS,Apple,macOS,No,Yes,No
D000680,C000781,Desktop,Dell,Windows,No,No,Yes
D000681,C000612,POS,Apple,iOS,No,Yes,Yes
D000682,C000632,Desktop,Apple,macOS,Yes,No,No
D000683,C000013,Mobile,Apple,macOS,No,Yes,No
D000684,C000318,POS,Apple,iOS,No,Yes,No
D000685,C000304,Desktop,Samsung,Android,Yes,No,No
D000686,C000135,Mobile,Samsung,Android,No,Yes,No
D000687,C000028,Mobile,Dell,Windows,No,Yes,Yes
D000688,C000452,Mobile,Samsung,Android,Yes,No,No
D000689,C000324,Desktop,Samsung,Android,Yes,No,No
D000690,C000383,Mobile,Samsung,Android,Yes,No,No
D000691,C000215,Mobile,Samsung,Android,No,No,No
D000692,C000058,POS,Dell,Windows,No,No,No
D000693,C000100,POS,Apple,iOS,No,No,Yes
D000694,C000741,Desktop,Dell,Windows,Yes,Yes,No
D000695,C000988,POS,Apple,macOS,No,No,Yes
D000696,C000339,Desktop,Apple,macOS,Yes,Yes,Yes
D000697,C000731,POS,Dell,Windows,No,No,No
D000698,C000561,Mobile,Apple,macOS,No,No,Yes
D000699,C000994,Mobile,Apple,iOS,No,No,Yes
D000700,C000251,Mobile,Dell,Windows,Yes,Yes,Yes
D000701,C000618,Desktop,Samsung,Android,No,No,Yes
D000702,C000195,Mobile,Apple,iOS,No,Yes,Yes
D000703,C000580,Desktop,Apple,iOS,No,No,Yes
D000704,C000890,POS,Apple,iOS,Yes,No,Yes
D000705,C000836,Desktop,Apple,iOS,No,No,Yes
D000706,C000170,Desktop,Dell,Windows,No,Yes,Yes
D000707,C000739,POS,Apple,iOS,No,Yes,Yes
D000708,C000245,POS,Apple,iOS,Yes,Yes,Yes
D000709,C000706,Mobile,Dell,Windows,Yes,No,Yes
D000710,C000780,Mobile,Apple,iOS,No,No,Yes
D000711,C000985,Desktop,Apple,iOS,No,Yes,Yes
D000712,C000819,POS,Samsung,Android,No,No,No
D000713,C000337,Desktop,Samsung,Android,No,Yes,No
D000714,C000937,Desktop,Samsung,Android,No,No,Yes
D000715,C000565,Mobile,Apple,iOS,Yes,Yes,Yes
D000716,C000808,Desktop,Apple,macOS,Yes,Yes,Yes
D000717,C000793,Desktop,Apple,iOS,Yes,Yes,No
D000718,C000479,Desktop,Apple,macOS,Yes,Yes,Yes
D000719,C000908,POS,Apple,macOS,Yes,No,No
D000720,C000748,Desktop,Dell,Windows,Yes,No,Yes
D000721,C000572,Desktop,Apple,iOS,Yes,Yes,No
D000722,C000344,POS,Samsung,Android,No,Yes,No
D000723,C000646,Desktop,Apple,iOS,Yes,Yes,No
D000724,C000746,Mobile,Dell,Windows,Yes,No,No
D000725,C000692,POS,Samsung,Android,No,No,No
D000726,C000439,Desktop,Apple,iOS,No,Yes,No
D000727,C000863,Desktop,Samsung,Android,Yes,Yes,Yes
D000728,C000724,Desktop,Apple,iOS,Yes,No,No
D000729,C000969,Desktop,Dell,Windows,Yes,No,No
D000730,C000323,POS,Dell,Windows,No,Yes,Yes
D000731,C000602,POS,Apple,iOS,No,No,Yes
D000732,C000614,POS,Dell,Windows,No,Yes,No
D000733,C000015,Desktop,Dell,Windows,Yes,Yes,No
D000734,C000304,Mobile,Apple,macOS,Yes,Yes,Yes
D000735,C000915,Desktop,Dell,Windows,Yes,Yes,Yes
D000736,C000736,POS,Apple,iOS,Yes,Yes,No
D000737,C000576,Desktop,Dell,Windows,Yes,No,Yes
D000738,C000717,Mobile,Samsung,Android,Yes,No,No
D000739,C000141,Mobile,Apple,iOS,No,No,No
D000740,C000847,POS,Apple,iOS,Yes,No,No
D000741,C000765,POS,Apple,macOS,No,Yes,Yes
D000742,C000210,Desktop,Apple,iOS,No,Yes,No
D000743,C000070,Desktop,Dell,Windows,Yes,No,Yes
D000744,C000715,POS,Apple,iOS,No,No,No
D000745,C000479,POS,Dell,Windows,No,No,Yes
D000746,C000528,Desktop,Dell,Windows,No,No,No
D000747,C000905,POS,Apple,iOS,Yes,Yes,No
D000748,C000207,Desktop,Apple,iOS,Yes,Yes,Yes
D000749,C000428,Mobile,Apple,iOS,No,No,Yes
D000750,C000102,Desktop,Samsung,Android,No,No,No
D000751,C000701,POS,Apple,macOS,No,No,No
D000752,C000682,POS,Apple,macOS,No,No,No
D000753,C000910,Desktop,Dell,Windows,No,Yes,Yes
D000754,C000482,Desktop,Dell,Windows,No,Yes,Yes
D000755,C000396,POS,Samsung,Android,No,No,No
D000756,C000299,POS,Apple,iOS,Yes,No,Yes
D000757,C000392,Desktop,Apple,macOS,No,No,Yes
D000758,C000180,Desktop,Apple,iOS,No,No,Yes
D000759,C000956,Desktop,Apple,macOS,Yes,Yes,Yes
D000760,C000542,Desktop,Apple,iOS,No,Yes,Yes
D000761,C000841,Desktop,Dell,Windows,Yes,Yes,No
D000762,C000982,Mobile,Samsung,Android,No,Yes,Yes
D000763,C000830,Desktop,Dell,Windows,Yes,Yes,No
D000764,C000178,Mobile,Samsung,Android,No,Yes,Yes
D000765,C000624,Desktop,Samsung,Android,Yes,Yes,No
D000766,C000598,Desktop,Samsung,Android,Yes,No,No
D000767,C000139,Desktop,Apple,macOS,No,Yes,No
D000768,C000215,Desktop,Samsung,Android,No,No,Yes
D000769,C000326,Mobile,Dell,Windows,No,Yes,No
D000770,C000770,POS,Apple,macOS,No,No,Yes
D000771,C000511,POS,Dell,Windows,Yes,No,Yes
D000772,C000599,POS,Dell,Windows,Yes,Yes,No
D000773,C000173,POS,Samsung,Android,No,No,Yes
D000774,C000821,Mobile,Samsung,Android,Yes,No,Yes
D000775,C000534,Desktop,Dell,Windows,Yes,No,Yes
D000776,C000158,Mobile,Dell,Windows,Yes,Yes,No
D000777,C000483,Desktop,Apple,macOS,No,No,No
D000778,C000979,Mobile,Dell,Windows,No,Yes,No
D000779,C000931,POS,Dell,Windows,Yes,Yes,Yes
D000780,C000860,POS,Apple,iOS,No,No,No
D000781,C000585,Desktop,Samsung,Android,Yes,Yes,Yes
D000782,C000995,Desktop,Apple,iOS,Yes,No,No
D000783,C000170,Desktop,Dell,Windows,No,No,No
D000784,C000102,Desktop,Apple,iOS,Yes,Yes,No
D000785,C000187,POS,Apple,macOS,Yes,Yes,No
D000786,C000832,POS,Samsung,Android,Yes,No,Yes
D000787,C000798,Mobile,Dell,Windows,No,No,No
D000788,C000425,POS,Dell,Windows,Yes,No,Yes
D000789,C000137,Desktop,Apple,iOS,Yes,Yes,No
D000790,C000462,POS,Samsung,Android,Yes,Yes,Yes
D000791,C000483,POS,Apple,iOS,Yes,Yes,No
D000792,C000844,Desktop,Dell,Windows,No,Yes,No
D000793,C000458,POS,Apple,macOS,No,No,Yes
D000794,C000431,Desktop,Apple,macOS,No,No,Yes
D000795,C000839,POS,Samsung,Android,Yes,No,Yes
D000796,C000527,Mobile,Apple,macOS,No,Yes,No
D000797,C000617,Mobile,Apple,macOS,No,No,No
D000798,C000415,POS,Apple,iOS,Yes,No,No
D000799,C000211,POS,Apple,macOS,Yes,Yes,Yes
D000800,C000409,Mobile,Apple,macOS,Yes,Yes,No
D000801,C000185,Mobile,Samsung,Android,Yes,No,Yes
D000802,C000159,POS,Samsung,Android,No,Yes,Yes
D000803,C000665,Desktop,Samsung,Android,Yes,No,No
D000804,C000895,Mobile,Samsung,Android,Yes,No,Yes
D000805,C000493,Mobile,Apple,iOS,Yes,No,Yes
D000806,C000282,POS,Apple,iOS,No,No,No
D000807,C000249,POS,Samsung,Android,No,Yes,No
D000808,C000336,Desktop,Apple,macOS,No,Yes,Yes
D000809,C000363,POS,Dell,Windows,No,Yes,No
D000810,C000242,POS,Apple,macOS,Yes,Yes,Yes
D000811,C000331,Desktop,Samsung,Android,No,Yes,No
D000812,C000693,Mobile,Apple,macOS,No,Yes,Yes
D000813,C000633,POS,Apple,macOS,Yes,No,No
D000814,C000046,Desktop,Dell,Windows,No,Yes,Yes
D000815,C000319,Mobile,Samsung,Android,No,No,Yes
D000816,C000771,Mobile,Samsung,Android,Yes,No,Yes
D000817,C000411,POS,Apple,iOS,No,Yes,No
D000818,C000839,POS,Apple,macOS,Yes,Yes,No
D000819,C000633,Desktop,Apple,macOS,Yes,Yes,Yes
D000820,C000824,POS,Dell,Windows,No,No,No
D000821,C000270,Desktop,Dell,Windows,No,No,Yes
D000822,C000840,Desktop,Apple,iOS,No,No,Yes
D000823,C000443,Mobile,Samsung,Android,Yes,No,No
D000824,C000777,Desktop,Apple,iOS,Yes,Yes,No
D000825,C000375,Desktop,Apple,macOS,Yes,Yes,No
D000826,C000107,POS,Apple,iOS,No,Yes,Yes
D000827,C000579,Mobile,Apple,iOS,No,No,No
D000828,C000842,Mobile,Apple,iOS,Yes,Yes,No
D000829,C000385,POS,Samsung,Android,No,Yes,No
D000830,C000551,Mobile,Dell,Windows,No,No,Yes
D000831,C000933,Mobile,Apple,macOS,No,No,No
D000832,C000727,Desktop,Apple,macOS,No,Yes,Yes
D000833,C000761,POS,Dell,Windows,No,No,Yes
D000834,C000275,POS,Apple,macOS,Yes,No,Yes
D000835,C000004,Desktop,Apple,macOS,Yes,Yes,Yes
D000836,C000526,POS,Samsung,Android,Yes,No,Yes
D000837,C000913,Mobile,Dell,Windows,Yes,No,No
D000838,C000396,POS,Apple,macOS,Yes,No,Yes
D000839,C000831,Desktop,Apple,macOS,No,Yes,Yes
D000840,C000549,Desktop,Apple,iOS,No,Yes,Yes
D000841,C000832,Mobile,Samsung,Android,No,No,Yes
D000842,C000725,Mobile,Apple,macOS,Yes,Yes,No
D000843,C000464,Desktop,Apple,macOS,Yes,No,No
D000844,C000446,Mobile,Apple,macOS,Yes,Yes,No
D000845,C000938,Mobile,Apple,macOS,No,Yes,Yes
D000846,C000813,Mobile,Apple,iOS,Yes,Yes,No
D000847,C000075,Mobile,Samsung,Android,No,No,Yes
D000848,C000500,Desktop,Apple,macOS,Yes,Yes,No
D000849,C000630,Mobile,Apple,macOS,No,Yes,No
D000850,C000834,Desktop,Dell,Windows,Yes,No,No
D000851,C000632,Mobile,Samsung,Android,Yes,Yes,No
D000852,C000469,Desktop,Samsung,Android,No,No,No
D000853,C000144,Desktop,Dell,Windows,Yes,Yes,No
D000854,C000502,Mobile,Apple,iOS,No,Yes,Yes
D000855,C000753,POS,Dell,Windows,No,No,No
D000856,C000655,Mobile,Apple,iOS,No,No,No
D000857,C000832,Mobile,Dell,Windows,No,Yes,Yes
D000858,C000950,POS,Apple,iOS,No,Yes,Yes
D000859,C000352,Mobile,Dell,Windows,Yes,No,No
D000860,C000897,POS,Dell,Windows,No,No,Yes
D000861,C000547,POS,Apple,iOS,Yes,Yes,No
D000862,C000774,Mobile,Apple,macOS,Yes,Yes,No
D000863,C000283,Desktop,Dell,Windows,Yes,No,No
D000864,C000595,Mobile,Dell,Windows,Yes,No,Yes
D000865,C000267,POS,Samsung,Android,No,No,No
D000866,C000066,Mobile,Apple,iOS,Yes,No,Yes
D000867,C000293,Mobile,Dell,Windows,No,No,No
D000868,C000098,POS,Apple,macOS,Yes,Yes,No
D000869,C000062,Mobile,Samsung,Android,No,Yes,Yes
D000870,C000212,POS,Dell,Windows,Yes,No,Yes
D000871,C000257,Mobile,Samsung,Android,No,No,No
D000872,C000647,Mobile,Apple,iOS,Yes,No,Yes
D000873,C000100,Mobile,Apple,macOS,No,No,No
D000874,C000132,Desktop,Dell,Windows,No,Yes,No
D000875,C000147,Desktop,Samsung,Android,Yes,Yes,Yes
D000876,C000965,Desktop,Dell,Windows,Yes,Yes,Yes
D000877,C000035,Mobile,Apple,macOS,Yes,Yes,Yes
D000878,C000982,POS,Apple,iOS,No,No,No
D000879,C000692,Desktop,Samsung,Android,Yes,Yes,No
D000880,C000099,Desktop,Samsung,Android,Yes,Yes,No
D000881,C000492,Mobile,Apple,macOS,Yes,No,Yes
D000882,C000328,POS,Dell,Windows,Yes,Yes,Yes
D000883,C000435,Mobile,Apple,macOS,Yes,Yes,Yes
D000884,C000874,Mobile,Apple,iOS,No,Yes,Yes
D000885,C000238,POS,Dell,Windows,Yes,Yes,Yes
D000886,C000382,Desktop,Samsung,Android,Yes,Yes,Yes
D000887,C000871,Mobile,Samsung,Android,Yes,Yes,No
D000888,C000215,Mobile,Dell,Windows,Yes,Yes,Yes
D000889,C000373,Mobile,Apple,iOS,No,Yes,Yes
D000890,C000250,POS,Apple,iOS,No,No,No
D000891,C000342,Mobile,Dell,Windows,Yes,No,Yes
D000892,C000306,Desktop,Apple,macOS,No,No,Yes
D000893,C000271,POS,Apple,iOS,No,No,Yes
D000894,C000179,POS,Dell,Windows,Yes,No,Yes
D000895,C000769,Desktop,Apple,macOS,No,Yes,No
D000896,C000182,POS,Dell,Windows,No,Yes,No
D000897,C000855,Mobile,Apple,macOS,No,Yes,No
D000898,C000380,Desktop,Apple,macOS,Yes,No,No
D000899,C000984,Mobile,Apple,macOS,No,Yes,Yes
D000900,C000427,Desktop,Apple,macOS,Yes,No,No
D000901,C000225,Mobile,Dell,Windows,No,No,Yes
D000902,C000900,Desktop,Dell,Windows,No,No,No
D000903,C000683,Mobile,Dell,Windows,No,Yes,No
D000904,C000781,POS,Apple,iOS,No,Yes,Yes
D000905,C000208,POS,Dell,Windows,No,No,Yes
D000906,C000106,Desktop,Dell,Windows,No,Yes,Yes
D000907,C000885,POS,Apple,macOS,No,Yes,Yes
D000908,C000278,Mobile,Dell,Windows,No,No,No
D000909,C000253,POS,Apple,macOS,Yes,No,Yes
D000910,C000749,POS,Apple,macOS,Yes,No,No
D000911,C000631,POS,Apple,iOS,Yes,No,Yes
D000912,C000882,Mobile,Dell,Windows,Yes,Yes,No
D000913,C000712,Desktop,Apple,iOS,Yes,Yes,Yes
D000914,C000510,Mobile,Samsung,Android,No,Yes,No
D000915,C000483,POS,Samsung,Android,Yes,Yes,Yes
D000916,C000550,POS,Dell,Windows,No,No,Yes
D000917,C000396,POS,Apple,iOS,No,Yes,Yes
D000918,C000126,Desktop,Apple,iOS,No,Yes,No
D000919,C000407,Mobile,Apple,macOS,No,No,Yes
D000920,C000398,POS,Apple,iOS,No,No,No
D000921,C000940,Mobile,Apple,iOS,Yes,No,Yes
D000922,C000012,Mobile,Dell,Windows,No,No,Yes
D000923,C000186,POS,Samsung,Android,No,No,No
D000924,C000091,POS,Apple,macOS,No,No,Yes
D000925,C000699,POS,Apple,macOS,Yes,Yes,No
D000926,C000615,Mobile,Apple,iOS,Yes,Yes,No
D000927,C000174,Desktop,Samsung,Android,Yes,Yes,No
D000928,C000582,POS,Apple,iOS,No,Yes,Yes
D000929,C000232,Mobile,Apple,iOS,No,No,Yes
D000930,C000940,POS,Apple,macOS,No,No,Yes
D000931,C000547,Mobile,Dell,Windows,No,Yes,No
D000932,C000746,Mobile,Samsung,Android,Yes,No,No
D000933,C000039,Mobile,Apple,iOS,No,Yes,Yes
D000934,C000011,Desktop,Apple,macOS,Yes,Yes,Yes
D000935,C000672,Mobile,Dell,Windows,Yes,Yes,No
D000936,C000949,Mobile,Apple,macOS,No,Yes,Yes
D000937,C000253,Desktop,Samsung,Android,Yes,Yes,Yes
D000938,C000514,POS,Dell,Windows,No,No,No
D000939,C000062,Mobile,Apple,iOS,No,Yes,Yes
D000940,C000063,POS,Apple,macOS,No,Yes,No
D000941,C000211,POS,Samsung,Android,No,Yes,Yes
D000942,C000807,Desktop,Dell,Windows,Yes,Yes,No
D000943,C000209,Mobile,Samsung,Android,Yes,No,Yes
D000944,C000311,Desktop,Apple,iOS,Yes,Yes,Yes
D000945,C000095,Mobile,Dell,Windows,Yes,No,No
D000946,C000140,Desktop,Dell,Windows,Yes,Yes,No
D000947,C000870,POS,Apple,macOS,No,No,No
D000948,C000881,Desktop,Dell,Windows,Yes,Yes,Yes
D000949,C000039,POS,Samsung,Android,No,No,Yes
D000950,C000126,POS,Apple,macOS,No,Yes,Yes
D000951,C000122,Desktop,Apple,iOS,No,Yes,Yes
D000952,C000085,Desktop,Apple,iOS,Yes,No,Yes
D000953,C000612,POS,Apple,macOS,No,Yes,No
D000954,C000417,POS,Samsung,Android,No,No,No
D000955,C000331,Mobile,Apple,iOS,No,No,Yes
D000956,C000143,POS,Samsung,Android,No,No,No
D000957,C000957,POS,Samsung,Android,No,No,No
D000958,C000400,POS,Apple,macOS,No,Yes,Yes
D000959,C000379,Mobile,Samsung,Android,No,No,No
D000960,C000962,POS,Dell,Windows,No,Yes,No
D000961,C000797,POS,Dell,Windows,No,Yes,Yes
D000962,C000654,POS,Apple,macOS,Yes,No,Yes
D000963,C000414,Mobile,Apple,macOS,No,No,No
D000964,C000266,Desktop,Samsung,Android,Yes,No,Yes
D000965,C000085,Desktop,Samsung,Android,No,Yes,Yes
D000966,C000839,Desktop,Samsung,Android,No,Yes,No
D000967,C000807,POS,Samsung,Android,No,Yes,Yes
D000968,C000992,POS,Samsung,Android,No,No,Yes
D000969,C000996,Mobile,Dell,Windows,No,Yes,Yes
D000970,C000484,Desktop,Samsung,Android,Yes,Yes,Yes
D000971,C000360,POS,Samsung,Android,Yes,Yes,Yes
D000972,C000566,Mobile,Apple,iOS,Yes,Yes,Yes
D000973,C000014,POS,Dell,Windows,No,No,No
D000974,C000539,Mobile,Apple,iOS,No,No,Yes
D000975,C000280,Mobile,Samsung,Android,Yes,No,No
D000976,C000234,Desktop,Samsung,Android,Yes,Yes,Yes
D000977,C000684,Mobile,Dell,Windows,No,Yes,No
D000978,C000950,Mobile,Apple,macOS,Yes,Yes,Yes
D000979,C000297,Mobile,Apple,macOS,No,No,Yes
D000980,C000537,Mobile,Apple,macOS,Yes,Yes,Yes
D000981,C000025,Desktop,Samsung,Android,Yes,No,No
D000982,C000309,Mobile,Apple,iOS,No,Yes,Yes
D000983,C000295,Desktop,Dell,Windows,No,No,No
D000984,C000564,Mobile,Apple,iOS,Yes,Yes,Yes
D000985,C000395,Mobile,Samsung,Android,No,No,Yes
D000986,C000476,POS,Apple,iOS,Yes,Yes,Yes
D000987,C000844,POS,Apple,iOS,No,No,Yes
D000988,C000611,POS,Apple,macOS,Yes,No,No
D000989,C000981,Desktop,Dell,Windows,No,No,No
D000990,C000558,Desktop,Samsung,Android,Yes,Yes,No
D000991,C000581,POS,Apple,macOS,Yes,No,No
D000992,C000533,POS,Apple,iOS,No,Yes,No
D000993,C000746,Mobile,Samsung,Android,No,No,No
D000994,C000247,Mobile,Apple,macOS,No,No,No
D000995,C000916,Mobile,Apple,macOS,Yes,No,No
D000996,C000455,Desktop,Apple,iOS,Yes,Yes,No
D000997,C000307,POS,Samsung,Android,Yes,Yes,No
D000998,C000651,Mobile,Apple,iOS,No,Yes,No
D000999,C000631,POS,Apple,macOS,Yes,No,No
D001000,C000309,Desktop,Dell,Windows,No,Yes,No
D001001,C000545,Desktop,Samsung,Android,Yes,Yes,Yes
D001002,C000179,Mobile,Dell,Windows,No,Yes,Yes
D001003,C000082,Desktop,Dell,Windows,Yes,No,Yes
D001004,C000351,Mobile,Dell,Windows,No,Yes,No
D001005,C000323,Desktop,Dell,Windows,No,Yes,No
D001006,C000855,Desktop,Apple,iOS,No,Yes,Yes
D001007,C000169,Desktop,Dell,Windows,No,Yes,Yes
D001008,C000227,POS,Apple,iOS,Yes,No,No
D001009,C000186,Mobile,Dell,Windows,Yes,No,Yes
D001010,C000232,Mobile,Apple,macOS,No,Yes,Yes
D001011,C000402,Mobile,Apple,macOS,Yes,No,Yes
D001012,C000498,Desktop,Samsung,Android,Yes,Yes,Yes
D001013,C000310,Mobile,Samsung,Android,No,No,Yes
D001014,C000368,POS,Samsung,Android,Yes,Yes,No
D001015,C000619,Mobile,Apple,macOS,No,Yes,No
D001016,C000130,Desktop,Apple,iOS,Yes,Yes,Yes
D001017,C000601,Mobile,Apple,iOS,Yes,No,No
D001018,C000190,Mobile,Samsung,Android,Yes,No,Yes
D001019,C000109,POS,Samsung,Android,Yes,Yes,Yes
D001020,C000634,Mobile,Dell,Windows,No,No,Yes
D001021,C000003,Mobile,Samsung,Android,Yes,Yes,No
D001022,C000102,Desktop,Apple,macOS,Yes,Yes,No
D001023,C000733,POS,Apple,macOS,No,No,Yes
D001024,C000363,POS,Dell,Windows,No,Yes,No
D001025,C000233,Mobile,Apple,iOS,No,No,Yes
D001026,C000761,Mobile,Apple,iOS,Yes,No,No
D001027,C000939,POS,Apple,macOS,Yes,No,No
D001028,C000297,Desktop,Apple,macOS,No,Yes,No
D001029,C000802,POS,Samsung,Android,Yes,No,No
D001030,C000694,POS,Apple,iOS,Yes,Yes,No
D001031,C000439,Desktop,Apple,macOS,No,No,Yes
D001032,C000182,POS,Dell,Windows,No,No,Yes
D001033,C000028,POS,Apple,iOS,Yes,Yes,No
D001034,C000561,Mobile,Apple,macOS,No,Yes,Yes
D001035,C000136,Mobile,Apple,iOS,Yes,Yes,No
D001036,C000642,POS,Apple,macOS,No,Yes,No
D001037,C000648,Desktop,Apple,macOS,Yes,No,Yes
D001038,C000155,Mobile,Apple,iOS,No,Yes,No
D001039,C000074,Mobile,Apple,iOS,No,No,No
D001040,C000226,Desktop,Apple,macOS,Yes,Yes,No
D001041,C000621,Desktop,Apple,iOS,Yes,Yes,Yes
D001042,C000962,POS,Samsung,Android,Yes,No,No
D001043,C000584,POS,Apple,iOS,Yes,Yes,Yes
D001044,C000147,Desktop,Apple,iOS,No,No,No
D001045,C000628,Mobile,Apple,macOS,Yes,No,No
D001046,C000503,POS,Samsung,Android,Yes,No,No
D001047,C000584,Mobile,Dell,Windows,No,Yes,Yes
D001048,C000097,Mobile,Samsung,Android,No,Yes,No
D001049,C000168,POS,Dell,Windows,No,No,No
D001050,C000442,Desktop,Apple,iOS,Yes,No,Yes
D001051,C000500,Mobile,Apple,iOS,No,No,No
D001052,C000986,Mobile,Apple,iOS,No,No,No
D001053,C000953,Desktop,Dell,Windows,No,No,No
D001054,C000524,Desktop,Apple,macOS,No,Yes,Yes
D001055,C000834,POS,Dell,Windows,No,No,Yes
D001056,C000315,Desktop,Samsung,Android,Yes,No,Yes
D001057,C000593,Mobile,Apple,macOS,No,No,No
D001058,C000880,Mobile,Dell,Windows,Yes,Yes,No
D001059,C000769,Desktop,Apple,iOS,No,No,Yes
D001060,C000758,Desktop,Apple,iOS,Yes,No,Yes
D001061,C000702,Desktop,Dell,Windows,Yes,Yes,Yes
D001062,C000309,Desktop,Samsung,Android,No,Yes,Yes
D001063,C000807,Mobile,Apple,iOS,No,No,No
D001064,C000294,Desktop,Samsung,Android,No,No,Yes
D001065,C000120,POS,Dell,Windows,No,Yes,No
D001066,C000209,Mobile,Samsung,Android,Yes,Yes,No
D001067,C000569,POS,Apple,macOS,Yes,Yes,Yes
D001068,C000661,POS,Apple,macOS,Yes,Yes,No
D001069,C000066,POS,Dell,Windows,No,No,No
D001070,C000013,Desktop,Apple,macOS,Yes,No,Yes
D001071,C000870,POS,Apple,iOS,No,Yes,Yes
D001072,C000069,Mobile,Samsung,Android,Yes,Yes,Yes
D001073,C000516,Desktop,Dell,Windows,Yes,No,No
D001074,C000210,Mobile,Apple,iOS,No,No,No
D001075,C000970,POS,Samsung,Android,Yes,No,No
D001076,C000715,Mobile,Samsung,Android,No,Yes,No
D001077,C000622,Desktop,Dell,Windows,No,Yes,Yes
D001078,C000940,Desktop,Dell,Windows,No,Yes,Yes
D001079,C000150,Desktop,Apple,iOS,No,Yes,Yes
D001080,C000052,POS,Dell,Windows,Yes,Yes,Yes
D001081,C000299,Desktop,Dell,Windows,Yes,No,No
D001082,C000554,Mobile,Samsung,Android,Yes,Yes,No
D001083,C000654,Mobile,Dell,Windows,Yes,No,Yes
D001084,C000248,Mobile,Dell,Windows,No,No,No
D001085,C000078,POS,Dell,Windows,Yes,No,Yes
D001086,C000282,POS,Samsung,Android,Yes,No,No
D001087,C000328,Desktop,Apple,macOS,Yes,Yes,Yes
D001088,C000106,Desktop,Samsung,Android,No,No,No
D001089,C000113,Desktop,Apple,macOS,No,No,Yes
D001090,C000986,POS,Samsung,Android,Yes,Yes,No
D001091,C000415,POS,Samsung,Android,Yes,No,Yes
D001092,C000096,Mobile,Apple,macOS,No,No,No
D001093,C000116,Mobile,Apple,macOS,No,No,No
D001094,C000594,POS,Dell,Windows,Yes,Yes,Yes
D001095,C000068,Desktop,Apple,macOS,Yes,No,Yes
D001096,C000993,POS,Dell,Windows,Yes,No,Yes
D001097,C000366,POS,Dell,Windows,Yes,No,No
D001098,C000451,POS,Dell,Windows,Yes,No,Yes
D001099,C000975,Mobile,Dell,Windows,Yes,Yes,No
D001100,C000398,Desktop,Apple,iOS,Yes,Yes,No
D001101,C000344,POS,Apple,macOS,Yes,Yes,No
D001102,C000952,Desktop,Dell,Windows,No,No,Yes
D001103,C000835,Mobile,Samsung,Android,Yes,Yes,No
D001104,C000162,Desktop,Apple,iOS,Yes,No,No
D001105,C000607,POS,Apple,macOS,Yes,No,No
D001106,C000654,Desktop,Samsung,Android,Yes,Yes,No
D001107,C000896,POS,Apple,iOS,No,No,No
D001108,C000992,Mobile,Samsung,Android,Yes,No,Yes
D001109,C000549,POS,Samsung,Android,No,Yes,Yes
D001110,C000784,Mobile,Apple,macOS,Yes,No,No
D001111,C000467,POS,Apple,macOS,Yes,Yes,No
D001112,C000327,Mobile,Apple,iOS,No,No,Yes
D001113,C000799,POS,Samsung,Android,Yes,Yes,No
D001114,C000150,Mobile,Samsung,Android,Yes,Yes,No
D001115,C000199,Desktop,Apple,iOS,No,No,Yes
D001116,C000358,POS,Samsung,Android,No,No,No
D001117,C000776,POS,Samsung,Android,No,Yes,No
D001118,C000386,Desktop,Samsung,Android,No,No,No
D001119,C000789,Desktop,Apple,macOS,No,No,Yes
D001120,C000537,Mobile,Apple,macOS,Yes,No,No
D001121,C000018,POS,Samsung,Android,No,Yes,Yes
D001122,C000968,Mobile,Dell,Windows,No,No,Yes
D001123,C000640,Mobile,Apple,macOS,Yes,Yes,Yes
D001124,C000779,Desktop,Samsung,Android,Yes,Yes,No
D001125,C000371,POS,Samsung,Android,No,No,Yes
D001126,C000052,Mobile,Apple,macOS,No,No,Yes
D001127,C000930,Desktop,Samsung,Android,Yes,Yes,Yes
D001128,C000407,POS,Samsung,Android,Yes,No,Yes
D001129,C000517,Mobile,Samsung,Android,Yes,No,No
D001130,C000686,Desktop,Apple,iOS,No,No,No
D001131,C000226,Desktop,Apple,iOS,No,Yes,No
D001132,C000916,Mobile,Apple,macOS,Yes,Yes,No
D001133,C000484,POS,Apple,macOS,Yes,No,No
D001134,C000994,POS,Apple,iOS,No,No,No
D001135,C000832,Mobile,Apple,iOS,Yes,Yes,Yes
D001136,C000710,Mobile,Apple,macOS,No,No,No
D001137,C000798,POS,Apple,iOS,Yes,No,No
D001138,C000271,POS,Dell,Windows,Yes,No,Yes
D001139,C000003,Mobile,Dell,Windows,Yes,Yes,Yes
D001140,C000681,Mobile,Apple,macOS,Yes,No,No
D001141,C000328,Mobile,Samsung,Android,Yes,No,No
D001142,C000844,Mobile,Apple,iOS,No,Yes,No
D001143,C000748,Mobile,Apple,iOS,Yes,Yes,No
D001144,C000866,POS,Apple,macOS,Yes,No,Yes
D001145,C000092,Mobile,Samsung,Android,Yes,Yes,Yes
D001146,C000068,POS,Apple,iOS,No,Yes,Yes
D001147,C000875,POS,Dell,Windows,Yes,Yes,Yes
D001148,C000716,Desktop,Dell,Windows,Yes,No,Yes
D001149,C000637,POS,Samsung,Android,Yes,Yes,No
D001150,C000649,Desktop,Apple,iOS,No,No,Yes
D001151,C000789,Desktop,Apple,iOS,No,Yes,Yes
D001152,C000144,Mobile,Samsung,Android,No,Yes,No
D001153,C000799,Desktop,Dell,Windows,No,No,Yes
D001154,C000934,POS,Dell,Windows,Yes,Yes,Yes
D001155,C000358,POS,Samsung,Android,Yes,Yes,Yes
D001156,C000510,Mobile,Apple,macOS,No,No,Yes
D001157,C000572,POS,Samsung,Android,Yes,No,Yes
D001158,C000621,Mobile,Apple,macOS,No,No,No
D001159,C000776,POS,Samsung,Android,Yes,No,No
D001160,C000491,POS,Apple,macOS,Yes,No,No
D001161,C000891,Mobile,Apple,macOS,Yes,No,Yes
D001162,C000558,POS,Apple,macOS,No,Yes,Yes
D001163,C000901,POS,Apple,macOS,Yes,No,No
D001164,C000607,Mobile,Apple,iOS,Yes,No,No
D001165,C000455,POS,Apple,macOS,Yes,Yes,No
D001166,C000088,Desktop,Apple,macOS,No,Yes,Yes
D001167,C000475,Desktop,Samsung,Android,Yes,No,Yes
D001168,C000332,Desktop,Apple,iOS,No,No,No
D001169,C000445,Desktop,Apple,iOS,No,No,No
D001170,C000563,Mobile,Samsung,Android,No,Yes,No
D001171,C000947,Mobile,Samsung,Android,No,Yes,No
D001172,C000914,Desktop,Samsung,Android,No,No,Yes
D001173,C000977,Mobile,Samsung,Android,No,No,No
D001174,C000548,POS,Samsung,Android,No,Yes,Yes
D001175,C000539,Desktop,Dell,Windows,Yes,Yes,No
D001176,C000005,POS,Samsung,Android,Yes,No,No
D001177,C000536,Desktop,Apple,iOS,No,No,No
D001178,C000642,Mobile,Samsung,Android,Yes,Yes,Yes
D001179,C000127,Mobile,Samsung,Android,Yes,No,Yes
D001180,C000660,POS,Samsung,Android,No,Yes,No
D001181,C000176,POS,Dell,Windows,Yes,No,No
D001182,C000186,Mobile,Apple,iOS,Yes,Yes,No
D001183,C000841,Mobile,Apple,iOS,Yes,No,Yes
D001184,C000014,Desktop,Samsung,Android,Yes,Yes,Yes
D001185,C000805,Mobile,Dell,Windows,No,No,Yes
D001186,C000719,POS,Dell,Windows,No,No,Yes
D001187,C000968,POS,Apple,macOS,No,Yes,No
D001188,C000906,POS,Apple,macOS,Yes,No,No
D001189,C000969,POS,Apple,macOS,No,No,No
D001190,C000051,POS,Dell,Windows,No,No,Yes
D001191,C000662,Desktop,Dell,Windows,No,No,Yes
D001192,C000339,POS,Dell,Windows,Yes,No,No
D001193,C000918,POS,Apple,macOS,No,No,Yes
D001194,C000519,Mobile,Dell,Windows,No,Yes,No
D001195,C000646,Mobile,Apple,macOS,No,No,Yes
D001196,C000402,Desktop,Apple,macOS,No,Yes,Yes
D001197,C000882,POS,Samsung,Android,No,No,No
D001198,C000005,POS,Apple,macOS,No,Yes,Yes
D001199,C000790,POS,Apple,macOS,Yes,No,No
D001200,C000893,POS,Apple,iOS,No,No,Yes
D001201,C000025,POS,Dell,Windows,No,No,Yes
D001202,C000739,Mobile,Dell,Windows,Yes,No,No
D001203,C000170,POS,Apple,macOS,Yes,Yes,No
D001204,C000288,Mobile,Apple,iOS,Yes,Yes,No
D001205,C000233,POS,Apple,macOS,No,Yes,No
D001206,C000651,Desktop,Dell,Windows,Yes,Yes,Yes
D001207,C000432,Mobile,Samsung,Android,No,No,Yes
D001208,C000040,POS,Dell,Windows,Yes,Yes,No
D001209,C000024,POS,Dell,Windows,Yes,Yes,No
D001210,C000352,Mobile,Apple,iOS,Yes,Yes,No
D001211,C000791,POS,Dell,Windows,Yes,Yes,No
D001212,C000193,Mobile,Dell,Windows,Yes,Yes,Yes
D001213,C000673,Desktop,Apple,iOS,Yes,No,Yes
D001214,C000367,Mobile,Apple,macOS,No,No,Yes
D001215,C000861,POS,Apple,macOS,No,Yes,No
D001216,C000709,Mobile,Samsung,Android,No,No,Yes
D001217,C000568,POS,Apple,iOS,No,No,No
D001218,C000978,Mobile,Dell,Windows,No,No,Yes
D001219,C000599,Mobile,Samsung,Android,No,Yes,Yes
D001220,C000682,Desktop,Apple,macOS,No,No,No
D001221,C000706,Desktop,Apple,iOS,Yes,No,Yes
D001222,C000191,POS,Apple,macOS,Yes,No,No
D001223,C000254,Desktop,Apple,iOS,No,No,Yes
D001224,C000867,Mobile,Apple,iOS,No,No,No
D001225,C000737,POS,Apple,macOS,Yes,No,No
D001226,C000178,Desktop,Samsung,Android,Yes,No,Yes
D001227,C000402,Mobile,Apple,macOS,Yes,Yes,No
D001228,C000086,POS,Apple,iOS,No,Yes,Yes
D001229,C000946,POS,Apple,iOS,No,Yes,No
D001230,C000964,Mobile,Apple,macOS,No,No,Yes
D001231,C000739,POS,Dell,Windows,Yes,Yes,No
D001232,C000234,POS,Apple,macOS,Yes,Yes,Yes
D001233,C000801,Mobile,Dell,Windows,Yes,No,No
D001234,C000674,Desktop,Samsung,Android,Yes,Yes,Yes
D001235,C000623,Mobile,Dell,Windows,No,No,No
D001236,C000880,POS,Samsung,Android,Yes,Yes,Yes
D001237,C000253,Desktop,Samsung,Android,Yes,No,No
D001238,C000453,Desktop,Dell,Windows,No,Yes,Yes
D001239,C000736,Desktop,Samsung,Android,No,Yes,No
D001240,C000199,Mobile,Dell,Windows,Yes,No,Yes
D001241,C000905,POS,Apple,macOS,No,Yes,Yes
D001242,C000703,POS,Samsung,Android,Yes,No,No
D001243,C000695,POS,Samsung,Android,Yes,No,Yes
D001244,C000151,POS,Apple,macOS,Yes,No,Yes
D001245,C000925,Desktop,Apple,macOS,Yes,No,Yes
D001246,C000522,Mobile,Apple,iOS,No,Yes,Yes
D001247,C000749,POS,Samsung,Android,No,Yes,Yes
D001248,C000101,POS,Apple,iOS,Yes,No,Yes
D001249,C000454,Mobile,Dell,Windows,No,No,No
D001250,C000792,Mobile,Samsung,Android,No,Yes,No
D001251,C000002,Desktop,Apple,macOS,No,No,Yes
D001252,C000885,Mobile,Dell,Windows,Yes,No,No
D001253,C000053,Mobile,Dell,Windows,Yes,Yes,Yes
D001254,C000761,POS,Apple,macOS,Yes,No,Yes
D001255,C000763,Desktop,Apple,iOS,No,Yes,Yes
D001256,C000516,Desktop,Dell,Windows,No,No,Yes
D001257,C000665,Mobile,Apple,iOS,No,Yes,Yes
D001258,C000418,POS,Dell,Windows,No,No,No
D001259,C000550,POS,Samsung,Android,Yes,Yes,No
D001260,C000046,Mobile,Samsung,Android,Yes,Yes,No
D001261,C000074,Mobile,Apple,iOS,No,Yes,Yes
D001262,C000288,Desktop,Apple,iOS,Yes,Yes,No
D001263,C000153,Mobile,Apple,iOS,Yes,Yes,Yes
D001264,C000816,Mobile,Dell,Windows,Yes,Yes,Yes
D001265,C000903,POS,Samsung,Android,No,Yes,No
D001266,C000426,Mobile,Apple,iOS,Yes,Yes,No
D001267,C000756,Desktop,Apple,iOS,Yes,No,No
D001268,C000439,Desktop,Apple,macOS,Yes,Yes,Yes
D001269,C000363,Mobile,Samsung,Android,Yes,No,Yes
D001270,C000990,Desktop,Samsung,Android,Yes,No,Yes
D001271,C000248,Desktop,Apple,macOS,No,Yes,No
D001272,C000185,Mobile,Samsung,Android,No,Yes,No
D001273,C000784,Mobile,Samsung,Android,Yes,No,No
D001274,C000266,Desktop,Dell,Windows,No,No,Yes
D001275,C000353,Desktop,Apple,macOS,No,Yes,Yes
D001276,C000439,Desktop,Apple,macOS,Yes,Yes,No
D001277,C000752,POS,Apple,macOS,Yes,No,Yes
D001278,C000247,POS,Apple,macOS,No,No,Yes
D001279,C000760,Desktop,Apple,iOS,No,No,Yes
D001280,C000382,Desktop,Samsung,Android,No,Yes,No
D001281,C000201,POS,Samsung,Android,No,No,Yes
D001282,C000747,Mobile,Apple,iOS,Yes,No,No
D001283,C000310,Desktop,Samsung,Android,No,No,Yes
D001284,C000435,Mobile,Apple,macOS,Yes,Yes,No
D001285,C000074,Desktop,Samsung,Android,No,Yes,No
D001286,C000642,POS,Apple,iOS,Yes,No,Yes
D001287,C000524,Mobile,Dell,Windows,Yes,No,No
D001288,C000909,Desktop,Apple,iOS,No,No,Yes
D001289,C000398,Desktop,Dell,Windows,No,No,No
D001290,C000222,Desktop,Samsung,Android,Yes,Yes,Yes
D001291,C000555,Mobile,Dell,Windows,No,Yes,No
D001292,C000707,Mobile,Apple,iOS,No,Yes,Yes
D001293,C000678,POS,Samsung,Android,Yes,No,Yes
D001294,C000338,POS,Apple,macOS,Yes,No,Yes
D001295,C000930,Desktop,Samsung,Android,Yes,No,Yes
D001296,C000084,POS,Samsung,Android,No,Yes,Yes
D001297,C000288,Desktop,Apple,iOS,Yes,Yes,Yes
D001298,C000550,Mobile,Samsung,Android,No,No,Yes
D001299,C000343,POS,Apple,macOS,No,No,No
D001300,C000596,POS,Dell,Windows,No,Yes,No
D001301,C000953,Mobile,Apple,iOS,Yes,No,Yes
D001302,C000286,POS,Samsung,Android,No,No,No
D001303,C000530,POS,Dell,Windows,Yes,Yes,Yes
D001304,C000079,Desktop,Apple,macOS,Yes,No,No
D001305,C000097,Desktop,Apple,iOS,Yes,Yes,Yes
D001306,C000979,Desktop,Apple,macOS,No,No,Yes
D001307,C000106,Desktop,Apple,macOS,No,No,Yes
D001308,C000936,POS,Apple,macOS,Yes,Yes,Yes
D001309,C000402,POS,Samsung,Android,Yes,Yes,Yes
D001310,C000659,Mobile,Apple,iOS,No,Yes,No
D001311,C000357,Mobile,Apple,macOS,Yes,Yes,No
D001312,C000822,POS,Apple,iOS,Yes,No,Yes
D001313,C000079,Desktop,Apple,iOS,No,No,Yes
D001314,C000318,POS,Samsung,Android,Yes,Yes,No
D001315,C000616,Desktop,Apple,iOS,No,No,No
D001316,C000350,POS,Apple,iOS,No,Yes,Yes
D001317,C000494,Desktop,Apple,iOS,Yes,Yes,Yes
D001318,C000796,Desktop,Dell,Windows,Yes,No,No
D001319,C000854,POS,Samsung,Android,Yes,No,Yes
D001320,C000853,Desktop,Dell,Windows,No,Yes,Yes
D001321,C000724,Mobile,Apple,iOS,No,Yes,Yes
D001322,C000239,POS,Apple,macOS,No,No,No
D001323,C000845,Mobile,Samsung,Android,No,No,Yes
D001324,C000322,Desktop,Samsung,Android,Yes,Yes,Yes
D001325,C000917,Desktop,Samsung,Android,No,No,Yes
D001326,C000713,POS,Apple,macOS,No,No,No
D001327,C000645,Desktop,Apple,iOS,Yes,Yes,Yes
D001328,C000496,POS,Apple,macOS,Yes,No,Yes
D001329,C000411,POS,Apple,macOS,Yes,Yes,Yes
D001330,C000987,POS,Apple,iOS,No,Yes,No
D001331,C000030,Desktop,Apple,macOS,Yes,Yes,No
D001332,C000724,Desktop,Apple,iOS,Yes,Yes,No
D001333,C000667,Mobile,Apple,iOS,Yes,No,Yes
D001334,C000831,Mobile,Apple,iOS,No,Yes,Yes
D001335,C000445,Desktop,Apple,iOS,No,Yes,Yes
D001336,C000665,Desktop,Samsung,Android,No,No,Yes
D001337,C000780,POS,Dell,Windows,No,Yes,Yes
D001338,C000710,Desktop,Apple,iOS,Yes,No,Yes
D001339,C000450,Desktop,Dell,Windows,No,Yes,Yes
D001340,C000674,Mobile,Apple,macOS,No,No,No
D001341,C000628,POS,Samsung,Android,No,Yes,No
D001342,C000360,Mobile,Apple,macOS,Yes,Yes,No
D001343,C000328,Desktop,Samsung,Android,Yes,No,No
D001344,C000701,POS,Samsung,Android,Yes,Yes,No
D001345,C000684,Mobile,Samsung,Android,Yes,Yes,No
D001346,C000328,POS,Apple,macOS,No,Yes,Yes
D001347,C000650,Mobile,Samsung,Android,Yes,No,No
D001348,C000444,POS,Apple,macOS,No,Yes,Yes
D001349,C000240,Mobile,Dell,Windows,No,Yes,No
D001350,C000855,Mobile,Samsung,Android,Yes,Yes,Yes
D001351,C000130,Desktop,Dell,Windows,Yes,No,Yes
D001352,C000435,POS,Apple,macOS,Yes,Yes,No
D001353,C000196,Mobile,Apple,macOS,No,Yes,Yes
D001354,C000214,Desktop,Dell,Windows,No,Yes,No
D001355,C000925,POS,Apple,macOS,No,Yes,No
D001356,C000832,Desktop,Dell,Windows,Yes,No,Yes
D001357,C000393,POS,Apple,iOS,Yes,No,No
D001358,C000461,Desktop,Samsung,Android,Yes,No,Yes
D001359,C000168,POS,Dell,Windows,No,No,No
D001360,C000255,POS,Samsung,Android,No,No,No
D001361,C000215,Desktop,Dell,Windows,Yes,No,No
D001362,C000046,Desktop,Dell,Windows,No,Yes,Yes
D001363,C000039,POS,Samsung,Android,No,No,Yes
D001364,C000218,Desktop,Apple,macOS,No,No,No
D001365,C000441,Desktop,Apple,macOS,No,No,Yes
D001366,C000718,Mobile,Apple,macOS,No,Yes,No
D001367,C000088,Desktop,Samsung,Android,No,Yes,Yes
D001368,C000987,Mobile,Samsung,Android,No,No,Yes
D001369,C000402,Desktop,Dell,Windows,No,No,No
D001370,C000001,POS,Dell,Windows,No,Yes,No
D001371,C000703,Mobile,Samsung,Android,No,No,No
D001372,C000577,POS,Dell,Windows,Yes,Yes,No
D001373,C000993,Desktop,Apple,iOS,No,No,Yes
D001374,C000332,Mobile,Dell,Windows,No,No,No
D001375,C000497,Desktop,Apple,iOS,No,Yes,Yes
D001376,C000923,Mobile,Dell,Windows,No,Yes,No
D001377,C000922,Desktop,Apple,iOS,No,Yes,No
D001378,C000865,Mobile,Samsung,Android,No,Yes,Yes
D001379,C000893,POS,Dell,Windows,No,No,Yes
D001380,C000896,Desktop,Apple,macOS,Yes,No,Yes
D001381,C000587,Mobile,Dell,Windows,No,Yes,No
D001382,C000331,POS,Apple,iOS,No,Yes,Yes
D001383,C000023,Mobile,Samsung,Android,Yes,No,No
D001384,C000087,POS,Dell,Windows,Yes,Yes,No
D001385,C000151,POS,Dell,Windows,No,No,No
D001386,C000778,Desktop,Apple,macOS,Yes,Yes,No
D001387,C000425,Mobile,Dell,Windows,Yes,Yes,No
D001388,C000260,Desktop,Apple,iOS,No,Yes,No
D001389,C000521,POS,Apple,macOS,No,Yes,Yes
D001390,C000551,Mobile,Samsung,Android,Yes,Yes,Yes
D001391,C000451,POS,Dell,Windows,No,Yes,No
D001392,C000460,Mobile,Samsung,Android,Yes,No,No
D001393,C000888,Desktop,Dell,Windows,No,No,No
D001394,C000692,Desktop,Apple,iOS,Yes,No,Yes
D001395,C000456,POS,Apple,macOS,No,Yes,No
D001396,C000272,Desktop,Apple,macOS,No,No,No
D001397,C000964,Desktop,Apple,iOS,No,Yes,No
D001398,C000457,POS,Apple,iOS,No,No,Yes
D001399,C000488,Desktop,Apple,iOS,No,No,No
D001400,C000026,Desktop,Dell,Windows,Yes,Yes,No
D001401,C000479,Desktop,Apple,macOS,Yes,No,No
D001402,C000205,Desktop,Dell,Windows,Yes,Yes,No
D001403,C000785,Mobile,Apple,macOS,Yes,Yes,Yes
D001404,C000659,POS,Samsung,Android,Yes,No,Yes
D001405,C000382,Desktop,Apple,macOS,No,Yes,Yes
D001406,C000740,Desktop,Dell,Windows,No,Yes,No
D001407,C000375,Mobile,Apple,macOS,No,Yes,Yes
D001408,C000965,Desktop,Apple,iOS,No,Yes,Yes
D001409,C000267,Desktop,Samsung,Android,Yes,Yes,Yes
D001410,C000754,Mobile,Samsung,Android,No,No,No
D001411,C000081,POS,Samsung,Android,No,No,Yes
D001412,C000561,Mobile,Samsung,Android,No,Yes,No
D001413,C000412,Desktop,Dell,Windows,Yes,No,No
D001414,C000460,Desktop,Apple,macOS,Yes,No,No
D001415,C000288,POS,Samsung,Android,No,No,No
D001416,C000561,Mobile,Apple,macOS,Yes,No,Yes
D001417,C000414,Desktop,Dell,Windows,No,Yes,Yes
D001418,C000736,Mobile,Dell,Windows,Yes,Yes,Yes
D001419,C000589,POS,Apple,iOS,Yes,No,No
D001420,C000876,Mobile,Dell,Windows,No,No,No
D001421,C000639,POS,Apple,iOS,No,Yes,Yes
D001422,C000260,Mobile,Samsung,Android,No,Yes,Yes
D001423,C000545,Desktop,Samsung,Android,No,Yes,No
D001424,C000315,Desktop,Apple,macOS,Yes,Yes,Yes
D001425,C000465,POS,Dell,Windows,No,Yes,No
D001426,C000307,Desktop,Apple,macOS,Yes,Yes,Yes
D001427,C000621,Desktop,Dell,Windows,No,Yes,Yes
D001428,C000939,POS,Apple,iOS,Yes,No,Yes
D001429,C000085,POS,Dell,Windows,No,No,No
D001430,C000491,Desktop,Apple,macOS,Yes,Yes,Yes
D001431,C000941,Desktop,Apple,iOS,Yes,Yes,Yes
D001432,C000364,POS,Apple,iOS,No,Yes,No
D001433,C000791,Desktop,Apple,macOS,Yes,No,Yes
D001434,C000654,Mobile,Dell,Windows,Yes,No,No
D001435,C000898,POS,Dell,Windows,Yes,No,Yes
D001436,C000995,POS,Apple,iOS,No,No,No
D001437,C000386,Desktop,Samsung,Android,No,Yes,Yes
D001438,C000966,Mobile,Apple,iOS,Yes,No,Yes
D001439,C000750,Mobile,Samsung,Android,Yes,Yes,No
D001440,C000194,Desktop,Apple,macOS,Yes,Yes,No
D001441,C000106,POS,Apple,iOS,No,No,Yes
D001442,C000861,POS,Samsung,Android,Yes,Yes,Yes
D001443,C000159,Desktop,Dell,Windows,Yes,No,Yes
D001444,C000303,POS,Samsung,Android,No,Yes,Yes
D001445,C000086,Desktop,Apple,iOS,No,No,Yes
D001446,C000976,Mobile,Samsung,Android,No,Yes,Yes
D001447,C000061,Desktop,Apple,iOS,No,Yes,No
D001448,C000546,Mobile,Apple,macOS,Yes,Yes,No
D001449,C000629,POS,Dell,Windows,No,No,No
D001450,C000417,POS,Apple,macOS,No,Yes,No
D001451,C000908,Desktop,Dell,Windows,Yes,Yes,Yes
D001452,C000417,POS,Apple,iOS,No,No,Yes
D001453,C000427,Desktop,Samsung,Android,Yes,Yes,Yes
D001454,C000996,Mobile,Apple,macOS,No,No,Yes
D001455,C000061,POS,Samsung,Android,Yes,Yes,No
D001456,C000820,POS,Apple,iOS,Yes,No,Yes
D001457,C000845,POS,Apple,macOS,Yes,Yes,Yes
D001458,C000365,POS,Apple,macOS,No,Yes,No
D001459,C000978,Mobile,Apple,macOS,Yes,Yes,No
D001460,C000587,POS,Apple,macOS,Yes,Yes,Yes
D001461,C000583,Mobile,Dell,Windows,Yes,No,No
D001462,C000779,Mobile,Apple,iOS,No,Yes,Yes
D001463,C000150,Mobile,Apple,iOS,Yes,No,No
D001464,C000631,Desktop,Dell,Windows,Yes,No,Yes
D001465,C000962,Mobile,Apple,macOS,Yes,No,Yes
D001466,C000343,Mobile,Dell,Windows,Yes,No,Yes
D001467,C000936,POS,Apple,iOS,No,Yes,No
D001468,C000295,POS,Samsung,Android,Yes,Yes,Yes
D001469,C000014,Desktop,Dell,Windows,No,No,No
D001470,C000462,Desktop,Dell,Windows,No,Yes,Yes
D001471,C000892,Mobile,Dell,Windows,No,No,No
D001472,C000210,Mobile,Dell,Windows,Yes,No,No
D001473,C000442,Mobile,Dell,Windows,Yes,No,No
D001474,C000356,Desktop,Apple,macOS,Yes,Yes,Yes
D001475,C000675,Mobile,Apple,macOS,No,Yes,Yes
D001476,C000906,Mobile,Samsung,Android,Yes,Yes,No
D001477,C000945,Desktop,Samsung,Android,No,No,No
D001478,C000772,POS,Samsung,Android,Yes,Yes,Yes
D001479,C000338,Mobile,Apple,iOS,No,No,Yes
D001480,C000974,POS,Apple,iOS,No,No,Yes
D001481,C000266,Desktop,Samsung,Android,Yes,No,Yes
D001482,C000452,Mobile,Dell,Windows,Yes,No,Yes
D001483,C000486,Mobile,Apple,macOS,Yes,No,Yes
D001484,C000674,POS,Apple,iOS,No,No,Yes
D001485,C000886,POS,Dell,Windows,No,No,No
D001486,C000706,POS,Apple,macOS,Yes,Yes,No
D001487,C000894,Mobile,Apple,iOS,Yes,Yes,Yes
D001488,C000158,Mobile,Apple,iOS,No,Yes,Yes
D001489,C000920,POS,Apple,macOS,No,No,No
D001490,C000497,Desktop,Apple,macOS,No,Yes,No
D001491,C000332,POS,Dell,Windows,Yes,No,No
D001492,C000589,Desktop,Dell,Windows,No,No,Yes
D001493,C000237,Desktop,Samsung,Android,Yes,Yes,No
D001494,C000919,Desktop,Dell,Windows,No,Yes,No
D001495,C000551,POS,Dell,Windows,No,No,Yes
D001496,C000723,POS,Samsung,Android,No,No,Yes
D001497,C000455,Desktop,Apple,macOS,Yes,Yes,No
D001498,C000264,Desktop,Apple,macOS,Yes,No,No
D001499,C000807,Desktop,Dell,Windows,Yes,No,No
D001500,C000909,Mobile,Dell,Windows,No,No,No
